-- MySQL dump 10.11
--
-- Host: localhost    Database: bistro
-- ------------------------------------------------------
-- Server version	5.0.77

/*!40101 SET @OLD_CHARACTER_SET_CLIENT=@@CHARACTER_SET_CLIENT */;
/*!40101 SET @OLD_CHARACTER_SET_RESULTS=@@CHARACTER_SET_RESULTS */;
/*!40101 SET @OLD_COLLATION_CONNECTION=@@COLLATION_CONNECTION */;
/*!40101 SET NAMES utf8 */;
/*!40103 SET @OLD_TIME_ZONE=@@TIME_ZONE */;
/*!40103 SET TIME_ZONE='+00:00' */;
/*!40014 SET @OLD_UNIQUE_CHECKS=@@UNIQUE_CHECKS, UNIQUE_CHECKS=0 */;
/*!40014 SET @OLD_FOREIGN_KEY_CHECKS=@@FOREIGN_KEY_CHECKS, FOREIGN_KEY_CHECKS=0 */;
/*!40101 SET @OLD_SQL_MODE=@@SQL_MODE, SQL_MODE='NO_AUTO_VALUE_ON_ZERO' */;
/*!40111 SET @OLD_SQL_NOTES=@@SQL_NOTES, SQL_NOTES=0 */;

--
-- Table structure for table `food_info`
--

DROP TABLE IF EXISTS `food_info`;
SET @saved_cs_client     = @@character_set_client;
SET character_set_client = utf8;
CREATE TABLE `food_info` (
  `food_id` int(10) unsigned NOT NULL auto_increment,
  `food_name` varchar(256) NOT NULL,
  `foodclass_id` int(10) unsigned NOT NULL,
  `food_value` float(6,2) default '0.00',
  `food_intro` varchar(1024) default '',
  `src_name` varchar(256) default '',
  `other_require` varchar(128) default '',
  PRIMARY KEY  (`food_id`)
) ENGINE=InnoDB AUTO_INCREMENT=340 DEFAULT CHARSET=latin1;
SET character_set_client = @saved_cs_client;

--
-- Dumping data for table `food_info`
--

LOCK TABLES `food_info` WRITE;
/*!40000 ALTER TABLE `food_info` DISABLE KEYS */;
INSERT INTO `food_info` VALUES (1,'Pad Thai',1,8.95,'Thai rice stick noodle, eggs, peanuts, scallions and bean sprouts.','Chicken',''),(2,'Pad Thai',1,8.95,'Thai rice stick noodle, eggs, peanuts, scallions and bean sprouts.','Vegetables',''),(3,'Pad Thai',1,9.95,'Thai rice stick noodle, eggs, peanuts, scallions and bean sprouts.','Shrimp',''),(4,'Pad Thai',1,10.95,'Thai rice stick noodle, eggs, peanuts, scallions and bean sprouts.','Combination(chicken & shrimp)',''),(5,'Pad Thai',1,13.50,'Thai rice stick noodle, eggs, peanuts, scallions and bean sprouts.','Grilled Salmon Special',''),(7,'Crab Rangoon Appetizer',2,4.50,'Fried wontons stuffed with crab meat, cream cheese and carrot.','',''),(8,'Steamed Green Soybeans Appetizer',2,3.95,'Japanese style edamame.','',''),(9,'Calamari Appetizer',2,6.00,'Grilled whole squid with Indonesian sweet soy sauce and crushed peanuts or crispy fried calamari with spicy and sweet sauce.','',''),(10,'Crispy Spring Roll Appetizer',2,3.95,'Fried ground beef, crab meat, bean thread noodle and mushrooms wrapped in rice paper.','',''),(11,'Garden Roll Appetizer',2,3.95,'Fresh lettuce, cilantro, mint leaf and vermicelli wrapped in rice paper.','Vegetable & Tofu',''),(12,'Garden Roll Appetizer',2,4.95,'Fresh lettuce, cilantro, mint leaf and vermicelli wrapped in rice paper.','Shrimp',''),(13,'Garden Roll Appetizer',2,3.95,'Fresh lettuce, cilantro, mint leaf and vermicelli wrapped in rice paper.','Japanese Nipon Tofu',''),(14,'Garden Roll Appetizer',2,3.95,'Fresh lettuce, cilantro, mint leaf and vermicelli wrapped in rice paper.','Tofu Tod',''),(15,'Japanese Dumpling Appetizer',2,3.95,'Gyoza steamed or fried.','Vegetable','Steamed$Fried'),(16,'Japanese Dumpling Appetizer',2,4.50,'Gyoza steamed or fried.','Shrimp','Steamed$Fried'),(17,'Szechuan Spicy Ravioli Appetizer',2,3.95,'Chinese dumplings in spicy sauce.','Pork',''),(18,'Szechuan Spicy Ravioli Appetizer',2,4.95,'Chinese dumplings in spicy sauce.','Shrimp',''),(19,'Indonesian Satay (spicy) Appetizer',2,4.95,'Grilled chicken, beef, pork or lamb on skewers served with onion, cucumber and spicy peanut sauce.','Chicken',''),(20,'Indonesian Satay (spicy) Appetizer',2,4.95,'Grilled chicken, beef, pork or lamb on skewers served with onion, cucumber and spicy peanut sauce.','Beef',''),(21,'Indonesian Satay (spicy) Appetizer',2,4.95,'Grilled chicken, beef, pork or lamb on skewers served with onion, cucumber and spicy peanut sauce.','Pork',''),(22,'Indonesian Satay (spicy) Appetizer',2,5.50,'Grilled chicken, beef, pork or lamb on skewers served with onion, cucumber and spicy peanut sauce.','Lamb',''),(23,'Miso Soup',3,2.95,'Japanese bean paste soup with tofu and scallions.','',''),(24,'Malaysian Wonton Soup',3,3.95,'Chicken soup with fried wonton, bean sprouts and fried onion.','',''),(25,'Hot & Sour Soup',3,3.50,'Chinese szechuan with tofu, mushrooms, baby corn, bamboo shoots, egg drops and pork','',''),(26,'Tom Yum Soup',3,3.95,'Thai spicy lemongrass soup with galanga, lime leaves and green chili with your choice of vegetables, chicken or shrimp.','',''),(27,'Tom Kha Soup',3,3.95,'Thai coconut milk soup with galanga, lime leaves and green chili with your choice of vegetables, chicken or shrimp.','',''),(28,'Bakso Meatball Soup',3,5.95,'Indonesia style beef meatball soup with bean thread noodle, fried onion, spring onion and cilantro.','',''),(29,'Green Salad',4,5.50,'Mixed organic greens, tomatoes, cucumber and carrot with sesame dressing.','',''),(30,'Wakame Seaweed Salad',4,4.50,'Japanese fresh seaweed with sesame seed.','',''),(31,'Half Portion Garden Salad',4,4.95,'Lettuce, white cabbage, bean sprouts, carrot, cilantro and spring onions with choice of dressing.','',''),(32,'Regular Portion Garden Salad w/Steamed Egg',4,6.95,'Lettuce, white cabbage, bean sprouts, carrot, cilantro and spring onions with choice of dressing.','',''),(33,'Thai Spicy Salad (Yum)',4,9.95,'Lettuce, white onions and cilantro tossed with fresh chili, garlic and lime juice.','Squid',''),(34,'Thai Spicy Salad (Yum)',4,9.95,'Lettuce, white onions and cilantro tossed with fresh chili, garlic and lime juice.','Steak',''),(35,'Thai Spicy Salad (Yum)',4,9.95,'Lettuce, white onions and cilantro tossed with fresh chili, garlic and lime juice.','Shrimp',''),(36,'Thai Spicy Salad (Yum)',4,11.95,'Lettuce, white onions and cilantro tossed with fresh chili, garlic and lime juice.','Seafood',''),(37,'Gado Gado',4,7.95,'Indonesian warm salad with fried tofu, cabbage, bean sprouts, lettuce, watercress, boiled egg, shrimp chips and nut crackers.','',''),(38,'Pad Thai',5,8.95,'Thai rice stick noodle, eggs, peanuts, scallions and bean sprouts.','Chicken',''),(39,'Pad Thai',5,8.95,'Thai rice stick noodle, eggs, peanuts, scallions and bean sprouts.','Vegetables',''),(40,'Pad Thai',5,9.95,'Thai rice stick noodle, eggs, peanuts, scallions and bean sprouts.','Shrimp',''),(41,'Pad Thai',5,10.95,'Thai rice stick noodle, eggs, peanuts, scallions and bean sprouts.','Combination(chicken & shrimp)',''),(42,'Pad Thai',5,13.50,'Thai rice stick noodle, eggs, peanuts, scallions and bean sprouts.','Grilled Salmon Special',''),(43,'Drunken Noodles',5,8.95,'Fresh pineapple, minced chicken, peppers and fresh basil in brown sauce on flat rice noodles and bean sprouts.','',''),(44,'Singapore Curry Noodles',5,8.50,'Stir fried vermicelli with curry powder, eggs, chili, onion and scallions.','Vegetable',''),(45,'Singapore Curry Noodles',5,8.95,'Stir fried vermicelli with curry powder, eggs, chili, onion and scallions.','Beef',''),(46,'Singapore Curry Noodles',5,9.95,'Stir fried vermicelli with curry powder, eggs, chili, onion and scallions.','Shrimp',''),(47,'Singapore Curry Noodles',5,10.95,'Stir fried vermicelli with curry powder, eggs, chili, onion and scallions.','Seafood',''),(48,'Singapore Curry Noodles',5,8.95,'Stir fried vermicelli with curry powder, eggs, chili, onion and scallions.','Chicken',''),(49,'Singapore Curry Noodles',5,8.95,'Stir fried vermicelli with curry powder, eggs, chili, onion and scallions.','Pork',''),(50,'Singapore Curry Noodles',5,9.95,'Stir fried vermicelli with curry powder, eggs, chili, onion and scallions.','Shrimp & Pork',''),(51,'Bihun Jakarta',5,8.50,'Stir fried vermicelli noodles with sweet soy sauce, eggs, onions and bean sprouts topped with fried shallots.','Vegetable',''),(52,'Bihun Jakarta',5,8.95,'Stir fried vermicelli noodles with sweet soy sauce, eggs, onions and bean sprouts topped with fried shallots.','Beef',''),(53,'Bihun Jakarta',5,9.95,'Stir fried vermicelli noodles with sweet soy sauce, eggs, onions and bean sprouts topped with fried shallots.','Shrimp',''),(54,'Bihun Jakarta',5,8.95,'Stir fried vermicelli noodles with sweet soy sauce, eggs, onions and bean sprouts topped with fried shallots.','Chicken',''),(55,'Bihun Jakarta',5,8.95,'Stir fried vermicelli noodles with sweet soy sauce, eggs, onions and bean sprouts topped with fried shallots.','Pork',''),(56,'Bihun Jakarta',5,10.95,'Stir fried vermicelli noodles with sweet soy sauce, eggs, onions and bean sprouts topped with fried shallots.','Seafood',''),(57,'Szechuan Lo Mein',5,8.50,'Chinese stir fried egg noodles, scallions, onions, cabbage and bean sprouts.','Vegetable',''),(58,'Szechuan Lo Mein',5,8.95,'Chinese stir fried egg noodles, scallions, onions, cabbage and bean sprouts.','Beef',''),(59,'Szechuan Lo Mein',5,9.95,'Chinese stir fried egg noodles, scallions, onions, cabbage and bean sprouts.','Shrimp',''),(60,'Szechuan Lo Mein',5,8.95,'Chinese stir fried egg noodles, scallions, onions, cabbage and bean sprouts.','Chicken',''),(61,'Szechuan Lo Mein',5,8.95,'Chinese stir fried egg noodles, scallions, onions, cabbage and bean sprouts.','Pork',''),(62,'Szechuan Lo Mein',5,10.95,'Chinese stir fried egg noodles, scallions, onions, cabbage and bean sprouts.','Seafood',''),(63,'Indonesian Mee Goreng',5,8.50,'Indonesian egg noodles, dark soy sauce, chili, eggs with tomato, potato, bean sprouts and fried tofu. Less spicy version is available.','Vegetable','Less Spicy$None'),(64,'Indonesian Mee Goreng',5,8.95,'Indonesian egg noodles, dark soy sauce, chili, eggs with tomato, potato, bean sprouts and fried tofu. Less spicy version is available.','Beef','Less Spicy$None'),(65,'Indonesian Mee Goreng',5,9.95,'Indonesian egg noodles, dark soy sauce, chili, eggs with tomato, potato, bean sprouts and fried tofu. Less spicy version is available.','Shrimp','Less Spicy$None'),(66,'Indonesian Mee Goreng',5,8.95,'Indonesian egg noodles, dark soy sauce, chili, eggs with tomato, potato, bean sprouts and fried tofu. Less spicy version is available.','Chicken','Less Spicy$None'),(67,'Indonesian Mee Goreng',5,8.95,'Indonesian egg noodles, dark soy sauce, chili, eggs with tomato, potato, bean sprouts and fried tofu. Less spicy version is available.','Pork','Less Spicy$None'),(68,'Indonesian Mee Goreng',5,10.95,'Indonesian egg noodles, dark soy sauce, chili, eggs with tomato, potato, bean sprouts and fried tofu. Less spicy version is available.','Seafood','Less Spicy$None'),(69,'Singapore Gway Tio',5,8.50,'Singapore flat rice noodles, sweet soy sauce, eggs, onions and bean sprouts.','Vegetable',''),(70,'Singapore Gway Tio',5,8.95,'Singapore flat rice noodles, sweet soy sauce, eggs, onions and bean sprouts.','Beef',''),(71,'Singapore Gway Tio',5,9.95,'Singapore flat rice noodles, sweet soy sauce, eggs, onions and bean sprouts.','Shrimp',''),(72,'Singapore Gway Tio',5,8.95,'Singapore flat rice noodles, sweet soy sauce, eggs, onions and bean sprouts.','Chicken',''),(73,'Singapore Gway Tio',5,8.95,'Singapore flat rice noodles, sweet soy sauce, eggs, onions and bean sprouts.','Pork',''),(74,'Singapore Gway Tio',5,10.95,'Singapore flat rice noodles, sweet soy sauce, eggs, onions and bean sprouts.','Seafood',''),(75,'Chinese Sha Cha Noodle',5,8.50,'Chinese Teow Chiu style with oyster sauce and dried fish, stir fried with onions and scallions with flat rice noodles.','Vegetable',''),(76,'Chinese Sha Cha Noodle',5,8.95,'Chinese Teow Chiu style with oyster sauce and dried fish, stir fried with onions and scallions with flat rice noodles.','Beef',''),(77,'Chinese Sha Cha Noodle',5,9.95,'Chinese Teow Chiu style with oyster sauce and dried fish, stir fried with onions and scallions with flat rice noodles.','Shrimp',''),(78,'Chinese Sha Cha Noodle',5,8.95,'Chinese Teow Chiu style with oyster sauce and dried fish, stir fried with onions and scallions with flat rice noodles.','Chicken',''),(79,'Chinese Sha Cha Noodle',5,8.95,'Chinese Teow Chiu style with oyster sauce and dried fish, stir fried with onions and scallions with flat rice noodles.','Pork',''),(80,'Chinese Sha Cha Noodle',5,10.95,'Chinese Teow Chiu style with oyster sauce and dried fish, stir fried with onions and scallions with flat rice noodles.','Seafood',''),(81,'Japanese Yaki Soba',5,8.50,'Japanese fried egg noodles (soba noodles) with fish cake, cabbage, onion, bean sprouts and plum sauce topped with red ginger and seaweed powder.','Vegetable',''),(82,'Japanese Yaki Soba',5,8.95,'Japanese fried egg noodles (soba noodles) with fish cake, cabbage, onion, bean sprouts and plum sauce topped with red ginger and seaweed powder.','Beef',''),(83,'Japanese Yaki Soba',5,9.95,'Japanese fried egg noodles (soba noodles) with fish cake, cabbage, onion, bean sprouts and plum sauce topped with red ginger and seaweed powder.','Shrimp',''),(84,'Japanese Yaki Soba',5,8.95,'Japanese fried egg noodles (soba noodles) with fish cake, cabbage, onion, bean sprouts and plum sauce topped with red ginger and seaweed powder.','Chicken',''),(85,'Japanese Yaki Soba',5,8.95,'Japanese fried egg noodles (soba noodles) with fish cake, cabbage, onion, bean sprouts and plum sauce topped with red ginger and seaweed powder.','Pork',''),(86,'Japanese Yaki Soba',5,10.95,'Japanese fried egg noodles (soba noodles) with fish cake, cabbage, onion, bean sprouts and plum sauce topped with red ginger and seaweed powder.','Seafood',''),(87,'Japanese Yaki Udon',5,8.50,'Japanese rice noodles with soy sauce, cabbage, scallions and bean sprouts.','Vegetable',''),(88,'Japanese Yaki Udon',5,8.95,'Japanese rice noodles with soy sauce, cabbage, scallions and bean sprouts.','Beef',''),(89,'Japanese Yaki Udon',5,9.95,'Japanese rice noodles with soy sauce, cabbage, scallions and bean sprouts.','Shrimp',''),(90,'Japanese Yaki Udon',5,8.95,'Japanese rice noodles with soy sauce, cabbage, scallions and bean sprouts.','Chicken',''),(91,'Japanese Yaki Udon',5,8.95,'Japanese rice noodles with soy sauce, cabbage, scallions and bean sprouts.','Pork',''),(92,'Japanese Yaki Udon',5,10.95,'Japanese rice noodles with soy sauce, cabbage, scallions and bean sprouts.','Seafood',''),(93,'Malaysian Curry Laksa',6,8.95,'Spicy and sour curry in coconut milk with fried tofu, bean sprouts, cilantro and fried shallots.','Chicken',''),(94,'Malaysian Curry Laksa',6,8.95,'Spicy and sour curry in coconut milk with fried tofu, bean sprouts, cilantro and fried shallots.','Vegetable',''),(95,'Malaysian Curry Laksa',6,9.95,'Spicy and sour curry in coconut milk with fried tofu, bean sprouts, cilantro and fried shallots.','Shrimp',''),(96,'Malaysian Curry Laksa',6,10.50,'Spicy and sour curry in coconut milk with fried tofu, bean sprouts, cilantro and fried shallots.','Combination (chicken & shrimp)',''),(97,'Malaysian Curry Laksa',6,11.50,'Spicy and sour curry in coconut milk with fried tofu, bean sprouts, cilantro and fried shallots.','Seafood',''),(98,'Tom Yum Noodle Soup',6,8.95,'Spicy Thai lemongrass soup with mushrooms, scallions, bean sprouts and cilantro.','Chicken','Vermicelli$Flat Rice$Rice Stick$Egg$Mix'),(99,'Tom Yum Noodle Soup',6,8.95,'Spicy Thai lemongrass soup with mushrooms, scallions, bean sprouts and cilantro.','Vegetable','Vermicelli$Flat Rice$Rice Stick$Egg$Mix'),(100,'Tom Yum Noodle Soup',6,9.95,'Spicy Thai lemongrass soup with mushrooms, scallions, bean sprouts and cilantro.','Shrimp','Vermicelli$Flat Rice$Rice Stick$Egg$Mix'),(101,'Tom Yum Noodle Soup',6,10.50,'Spicy Thai lemongrass soup with mushrooms, scallions, bean sprouts and cilantro.','Combination (chicken & shrimp)','Vermicelli$Flat Rice$Rice Stick$Egg$Mix'),(102,'Tom Yum Noodle Soup',6,11.50,'Spicy Thai lemongrass soup with mushrooms, scallions, bean sprouts and cilantro.','Seafood','Vermicelli$Flat Rice$Rice Stick$Egg$Mix'),(103,'Chinese Sha Cha Noodle Soup',6,8.95,'Chinese Teow Chiu style noodle soup in a sha cha sauce made with oysters and dried fish.','Chicken','Vermicelli$Flat Rice$Rice Stick$Egg$Mix'),(104,'Chinese Sha Cha Noodle Soup',6,8.95,'Chinese Teow Chiu style noodle soup in a sha cha sauce made with oysters and dried fish.','Vegetable','Vermicelli$Flat Rice$Rice Stick$Egg$Mix'),(105,'Chinese Sha Cha Noodle Soup',6,9.95,'Chinese Teow Chiu style noodle soup in a sha cha sauce made with oysters and dried fish.','Shrimp','Vermicelli$Flat Rice$Rice Stick$Egg$Mix'),(106,'Chinese Sha Cha Noodle Soup',6,10.50,'Chinese Teow Chiu style noodle soup in a sha cha sauce made with oysters and dried fish.','SeafoodCombination (chicken & shrimp)','Vermicelli$Flat Rice$Rice Stick$Egg$Mix'),(107,'Chinese Sha Cha Noodle Soup',6,11.50,'Chinese Teow Chiu style noodle soup in a sha cha sauce made with oysters and dried fish.','','Vermicelli$Flat Rice$Rice Stick$Egg$Mix'),(108,'Grilled Chicken Lemongrass Noodle Soup',6,9.50,'Vietnamese grilled lemongrass chicken in soup with fresh basil, bean sprouts and cilantro.','',''),(109,'Singapore Lamb Noodle Soup',6,10.50,'Lemongrass and lamb noodle soup with fresh basil, ginger, bean sprouts and cilantro.','',''),(110,'Indonesian Meatball Noodle Soup',6,8.95,'Traditional beef meatball soup with spring onion, fried onion and cilantro.','',''),(111,'Japanese Udon Noodle Soup',6,8.95,'Traditional udon noodle soup with watercress, fish cake, and scallion.','Chicken','Vermicelli$Flat Rice$Rice Stick$Egg$Mix'),(112,'Japanese Udon Noodle Soup',6,8.95,'Traditional udon noodle soup with watercress, fish cake, and scallion.','Pork','Vermicelli$Flat Rice$Rice Stick$Egg$Mix'),(113,'Japanese Udon Noodle Soup',6,9.95,'Traditional udon noodle soup with watercress, fish cake, and scallion.','Shrimp Tempura','Vermicelli$Flat Rice$Rice Stick$Egg$Mix'),(114,'Japanese Udon Noodle Soup',6,11.00,'Traditional udon noodle soup with watercress, fish cake, and scallion.','Seafood','Vermicelli$Flat Rice$Rice Stick$Egg$Mix'),(115,'Soyu Ramen',6,8.50,'Japanese ramen noodle soup with fish cake, seaweed and scallions.','Chicken','Vermicelli$Flat Rice$Rice Stick$Egg$Mix'),(116,'Soyu Ramen',6,8.50,'Japanese ramen noodle soup with fish cake, seaweed and scallions.','Roasted Pork','Vermicelli$Flat Rice$Rice Stick$Egg$Mix'),(117,'Soyu Ramen',6,9.50,'Japanese ramen noodle soup with fish cake, seaweed and scallions.','Shrimp','Vermicelli$Flat Rice$Rice Stick$Egg$Mix'),(118,'Soyu Ramen',6,10.50,'Japanese ramen noodle soup with fish cake, seaweed and scallions.','Seaweed','Vermicelli$Flat Rice$Rice Stick$Egg$Mix'),(119,'Nasi Campur',7,10.95,'Indonesian coconut rice platter with rendang, chicken satay, steamed vegetables, crispy anchovies, cucumber and emping (nut crackers).','',''),(120,'Salmon Pepes',7,14.95,'Grilled salmon fillet topped with spicy turmeric sauce, basil leaves, lemongrass and wrapped in banana leaves.','',''),(121,'Panang Curry Soft Shell Crab',7,13.95,'Thai sweet curry in coconut milk with pineapple, green and red pepper, fresh basil and lime leaves.','',''),(122,'General Tso Shrimp',7,12.95,'Crispy battered shrimp pieces sauteed in spicy and sweet brown sauce. Served mild, medium or spicy.','','Mild$Medium$Spicy'),(123,'Cumi Goreng',7,9.95,'Deep fried squid marinated with black peppers, white and red onions and green and red peppers. Served mild, medium or spicy.','',''),(124,'Balinese Shrimp',7,12.50,'Deep fried shrimp marinated with black pepper and stir fried with garlic and bell pepper. Served with lettuce, steamed broccoli and steamed rice. Served mild, medium or spicy.','','Mild$Medium$Spicy'),(125,'Vietnamese Lemongrass Beef',7,12.95,'Fried New York strip steak marinated with lemongrass, lime juice and black pepper. Topped with crushed peanuts and fried shallots.','',''),(126,'Tumis Terong',7,8.95,'Stir fried eggplant with dried fish and garlic in chef\'s special sauce. Topped with cucumber, steamed broccoli and steamed rice. Served mild, medium or spicy.','','Mild$Medium$Spicy'),(127,'General Tso Chicken Entree',8,9.50,'Crispy battered chicken pieces sauteed in spicy and sweet brown sauce. Served mild, medium or spicy.','','Mild$Medium$Spicy'),(128,'Beef Rendang Entree',8,8.95,'Indonesian coconut flavored medium spicy beef.','',''),(129,'Indonesian Panang Entree',8,7.95,'Traditional grill with sweet soy sauce topped with crushed peanuts.','Tofu',''),(130,'Indonesian Panang Entree',8,9.50,'Traditional grill with sweet soy sauce topped with crushed peanuts.','Pork',''),(131,'Indonesian Panang Entree',8,12.95,'Traditional grill with sweet soy sauce topped with crushed peanuts.','Beef Steak',''),(132,'Indonesian Panang Entree',8,9.50,'Traditional grill with sweet soy sauce topped with crushed peanuts.','Chicken',''),(133,'Indonesian Panang Entree',8,12.95,'Traditional grill with sweet soy sauce topped with crushed peanuts.','Shrimp',''),(134,'Indonesian Panang Entree',8,12.95,'Traditional grill with sweet soy sauce topped with crushed peanuts.','Salmon',''),(135,'Singapore Lime Chicken Entree',8,9.95,'Grilled skewered chicken with fresh lime juice and garlic.','',''),(136,'Vietnamese Lemongrass Chicken Entree',8,9.95,'Grilled chicken with lemongrass, garlic and black pepper, topped with crushed peanuts and fried shallots.','',''),(137,'Hunan Broccoli Entree',8,7.95,'Stir fried broccoli in hunan brown sauce.','Broccoli',''),(138,'Hunan Broccoli Entree',8,9.50,'Stir fried broccoli in hunan brown sauce.','Beef',''),(139,'Hunan Broccoli Entree',8,9.50,'Stir fried broccoli in hunan brown sauce.','Tofu',''),(140,'Hunan Broccoli Entree',8,11.50,'Stir fried broccoli in hunan brown sauce.','Squid',''),(141,'Hunan Broccoli Entree',8,9.50,'Stir fried broccoli in hunan brown sauce.','Chicken',''),(142,'Hunan Broccoli Entree',8,9.50,'Stir fried broccoli in hunan brown sauce.','Pork',''),(143,'Hunan Broccoli Entree',8,11.50,'Stir fried broccoli in hunan brown sauce.','Shrimp',''),(144,'Hunan Broccoli Entree',8,12.95,'Stir fried broccoli in hunan brown sauce.','Seafood',''),(145,'Japanese Torikatsu Entree',8,10.50,'Chicken cutlet with plum sauce.','',''),(146,'Japanese Tongkatsu Entree',8,10.50,'Pork cutlet with plum sauce.','',''),(147,'Japanese Tempura Entree',8,9.95,'Your choice of vegetable or shrimp and vegetable.','Vegetable',''),(148,'Japanese Tempura Entree',8,12.95,'Your choice of vegetable or shrimp and vegetable.','Shrimp & Vegetable',''),(149,'Tepan Teriyaki Entree',8,9.50,'Traditional Japanese grill with homemade teriyaki sauce, topped with sesame seeds.','Chicken',''),(150,'Tepan Teriyaki Entree',8,12.95,'Traditional Japanese grill with homemade teriyaki sauce, topped with sesame seeds.','Steak',''),(151,'Tepan Teriyaki Entree',8,12.95,'Traditional Japanese grill with homemade teriyaki sauce, topped with sesame seeds.','Salmon',''),(152,'Chinese Garlic Sauce Entree',8,9.50,'','Chicken',''),(153,'Chinese Garlic Sauce Entree',8,9.50,'','Pork',''),(154,'Chinese Garlic Sauce Entree',8,11.50,'','Shrimp',''),(155,'Chinese Garlic Sauce Entree',8,12.95,'','Seafood',''),(156,'Chinese Garlic Sauce Entree',8,9.50,'','Beef',''),(157,'Chinese Garlic Sauce Entree',8,9.50,'','Tofu',''),(158,'Chinese Garlic Sauce Entree',8,11.50,'','Squid',''),(159,'Szechuan Mixed Vegetable Entree',8,7.95,'','Vegetable',''),(160,'Szechuan Mixed Vegetable Entree',8,9.50,'','Beef',''),(161,'Szechuan Mixed Vegetable Entree',8,11.50,'','Shrimp',''),(162,'Szechuan Mixed Vegetable Entree',8,12.50,'','Seafood',''),(163,'Szechuan Mixed Vegetable Entree',8,9.50,'','Chicken',''),(164,'Szechuan Mixed Vegetable Entree',8,9.50,'','Pork',''),(165,'Szechuan Mixed Vegetable Entree',8,11.50,'','Squid',''),(166,'Traditional String Beans Entree',8,7.95,'','String Beans',''),(167,'Traditional String Beans Entree',8,9.50,'','Beef',''),(168,'Traditional String Beans Entree',8,9.50,'','Tofu',''),(169,'Traditional String Beans Entree',8,11.50,'','Squid',''),(170,'Traditional String Beans Entree',8,9.50,'','Chicken',''),(171,'Traditional String Beans Entree',8,9.50,'','Pork',''),(172,'Traditional String Beans Entree',8,11.50,'','Shrimp',''),(173,'Traditional String Beans Entree',8,12.95,'','Seafood',''),(174,'Thai Basil Entree',8,9.50,'Thai brown sauce with fresh basil leaves (mild, medium or spicy).','Chicken','Mild$Medium$Spicy'),(175,'Thai Basil Entree',8,9.50,'Thai brown sauce with fresh basil leaves (mild, medium or spicy).','Pork','Mild$Medium$Spicy'),(176,'Thai Basil Entree',8,11.50,'Thai brown sauce with fresh basil leaves (mild, medium or spicy).','Shrimp','Mild$Medium$Spicy'),(177,'Thai Basil Entree',8,12.95,'Thai brown sauce with fresh basil leaves (mild, medium or spicy).','Seafood','Mild$Medium$Spicy'),(178,'Thai Basil Entree',8,9.50,'Thai brown sauce with fresh basil leaves (mild, medium or spicy).','Beef','Mild$Medium$Spicy'),(179,'Thai Basil Entree',8,9.50,'Thai brown sauce with fresh basil leaves (mild, medium or spicy).','Tofu','Mild$Medium$Spicy'),(180,'Thai Basil Entree',8,11.50,'Thai brown sauce with fresh basil leaves (mild, medium or spicy).','Squid','Mild$Medium$Spicy'),(181,'Red Curry (Gang Ped) Entree',8,8.95,'Thai spicy red curry in coconut milk with potatoes, string bean and carrots.','Chicken',''),(182,'Red Curry (Gang Ped) Entree',8,8.95,'Thai spicy red curry in coconut milk with potatoes, string bean and carrots.','Vegetable',''),(183,'Red Curry (Gang Ped) Entree',8,11.50,'Thai spicy red curry in coconut milk with potatoes, string bean and carrots.','Shrimp',''),(184,'Red Curry (Gang Ped) Entree',8,11.50,'Thai spicy red curry in coconut milk with potatoes, string bean and carrots.','Squid',''),(185,'Red Curry (Gang Ped) Entree',8,12.95,'Thai spicy red curry in coconut milk with potatoes, string bean and carrots.','Seafood',''),(186,'Green Curry Entree',8,7.95,'Traditional spicy green curry in coconut milk with eggplant, bamboo shoots and fresh basil.','Vegetable',''),(187,'Green Curry Entree',8,9.50,'Traditional spicy green curry in coconut milk with eggplant, bamboo shoots and fresh basil.','Pork',''),(188,'Green Curry Entree',8,11.50,'Traditional spicy green curry in coconut milk with eggplant, bamboo shoots and fresh basil.','Shrimp',''),(189,'Green Curry Entree',8,12.95,'Traditional spicy green curry in coconut milk with eggplant, bamboo shoots and fresh basil.','Seafood',''),(190,'Green Curry Entree',8,9.50,'Traditional spicy green curry in coconut milk with eggplant, bamboo shoots and fresh basil.','Chicken',''),(191,'Green Curry Entree',8,9.50,'Traditional spicy green curry in coconut milk with eggplant, bamboo shoots and fresh basil.','Beef',''),(192,'Green Curry Entree',8,11.50,'Traditional spicy green curry in coconut milk with eggplant, bamboo shoots and fresh basil.','Squid',''),(193,'Panang Curry Entree',8,10.50,'Thai sweet curry in coconut milk with pineapple, green and red pepper, fresh basil and lime leaves.','Chicken',''),(194,'Panang Curry Entree',8,10.50,'Thai sweet curry in coconut milk with pineapple, green and red pepper, fresh basil and lime leaves.','Tofu',''),(195,'Panang Curry Entree',8,11.50,'Thai sweet curry in coconut milk with pineapple, green and red pepper, fresh basil and lime leaves.','Squid',''),(196,'Panang Curry Entree',8,12.95,'Thai sweet curry in coconut milk with pineapple, green and red pepper, fresh basil and lime leaves.','Salmon',''),(197,'Panang Curry Entree',8,10.50,'Thai sweet curry in coconut milk with pineapple, green and red pepper, fresh basil and lime leaves.','Beef',''),(198,'Panang Curry Entree',8,11.50,'Thai sweet curry in coconut milk with pineapple, green and red pepper, fresh basil and lime leaves.','Shrimp',''),(199,'Panang Curry Entree',8,12.95,'Thai sweet curry in coconut milk with pineapple, green and red pepper, fresh basil and lime leaves.','Seafood',''),(200,'Indonesian Belado Entree',8,7.95,'Traditional chili sauce made with tomatoes, shallots and cilantro.','String Beans',''),(201,'Indonesian Belado Entree',8,11.50,'Traditional chili sauce made with tomatoes, shallots and cilantro.','Shrimp',''),(202,'Indonesian Belado Entree',8,11.50,'Traditional chili sauce made with tomatoes, shallots and cilantro.','Squid',''),(203,'Indonesian Belado Entree',8,12.95,'Traditional chili sauce made with tomatoes, shallots and cilantro.','Seafood',''),(204,'Satay Lontong Entree',8,11.50,'Grilled meat on skewers with rice cake, cucumber, onion, pineapple and peanut sauce topped with fried shallots.','Chicken',''),(205,'Satay Lontong Entree',8,11.50,'Grilled meat on skewers with rice cake, cucumber, onion, pineapple and peanut sauce topped with fried shallots.','Beef',''),(206,'Satay Lontong Entree',8,11.50,'Grilled meat on skewers with rice cake, cucumber, onion, pineapple and peanut sauce topped with fried shallots.','Pork',''),(207,'Satay Lontong Entree',8,12.50,'Grilled meat on skewers with rice cake, cucumber, onion, pineapple and peanut sauce topped with fried shallots.','Lamb',''),(208,'Satay Lontong Entree',8,13.95,'Grilled meat on skewers with rice cake, cucumber, onion, pineapple and peanut sauce topped with fried shallots.','Combination (chicken, beef, pork & lamb)',''),(209,'Chinese Fried Rice',9,7.95,'Soy sauce, oyster sauce, eggs, bean sprouts, onions and scallions.','Vegetable',''),(210,'Chinese Fried Rice',9,8.95,'Soy sauce, oyster sauce, eggs, bean sprouts, onions and scallions.','Beef',''),(211,'Chinese Fried Rice',9,9.95,'Soy sauce, oyster sauce, eggs, bean sprouts, onions and scallions.','Shrimp',''),(212,'Chinese Fried Rice',9,10.95,'Soy sauce, oyster sauce, eggs, bean sprouts, onions and scallions.','Seafood',''),(213,'Chinese Fried Rice',9,8.95,'Soy sauce, oyster sauce, eggs, bean sprouts, onions and scallions.','Chicken',''),(214,'Chinese Fried Rice',9,8.95,'Soy sauce, oyster sauce, eggs, bean sprouts, onions and scallions.','Pork',''),(215,'Chinese Fried Rice',9,9.95,'Soy sauce, oyster sauce, eggs, bean sprouts, onions and scallions.','Combination (chicken, beef & pork)',''),(216,'Jakarta Fried Rice',9,7.95,'Indonesian style with sweet soy sauce, shrimp paste sauce, eggs, chili, onions, fried shallots and cucumber.','Vegetable',''),(217,'Jakarta Fried Rice',9,8.95,'Indonesian style with sweet soy sauce, shrimp paste sauce, eggs, chili, onions, fried shallots and cucumber.','Beef',''),(218,'Jakarta Fried Rice',9,9.95,'Indonesian style with sweet soy sauce, shrimp paste sauce, eggs, chili, onions, fried shallots and cucumber.','Shrimp',''),(219,'Jakarta Fried Rice',9,10.95,'Indonesian style with sweet soy sauce, shrimp paste sauce, eggs, chili, onions, fried shallots and cucumber.','Seafood',''),(220,'Jakarta Fried Rice',9,8.95,'Indonesian style with sweet soy sauce, shrimp paste sauce, eggs, chili, onions, fried shallots and cucumber.','Chicken',''),(221,'Jakarta Fried Rice',9,8.95,'Indonesian style with sweet soy sauce, shrimp paste sauce, eggs, chili, onions, fried shallots and cucumber.','Pork',''),(222,'Jakarta Fried Rice',9,9.95,'Indonesian style with sweet soy sauce, shrimp paste sauce, eggs, chili, onions, fried shallots and cucumber.','Combination (chicken, beef & pork)',''),(223,'Thai Basil Fried Rice',9,7.95,'Fish sauce, eggs, fresh basil, onions and scallions with a touch of white pepper.','Vegetable',''),(224,'Thai Basil Fried Rice',9,8.95,'Fish sauce, eggs, fresh basil, onions and scallions with a touch of white pepper.','Beef',''),(225,'Thai Basil Fried Rice',9,9.95,'Fish sauce, eggs, fresh basil, onions and scallions with a touch of white pepper.','Shrimp',''),(226,'Thai Basil Fried Rice',9,10.95,'Fish sauce, eggs, fresh basil, onions and scallions with a touch of white pepper.','Seafood',''),(227,'Thai Basil Fried Rice',9,8.95,'Fish sauce, eggs, fresh basil, onions and scallions with a touch of white pepper.','Chicken',''),(228,'Thai Basil Fried Rice',9,8.95,'Fish sauce, eggs, fresh basil, onions and scallions with a touch of white pepper.','Pork',''),(229,'Thai Basil Fried Rice',9,9.95,'Fish sauce, eggs, fresh basil, onions and scallions with a touch of white pepper.','Combination (chicken, beef & pork)',''),(230,'Singapore Curry Fried Rice',9,7.95,'Yellow curry powder, eggs, scallions, onions and fried shallots.','Vegetable',''),(231,'Singapore Curry Fried Rice',9,8.95,'Yellow curry powder, eggs, scallions, onions and fried shallots.','Beef',''),(232,'Singapore Curry Fried Rice',9,9.95,'Yellow curry powder, eggs, scallions, onions and fried shallots.','Shrimp',''),(233,'Singapore Curry Fried Rice',9,10.95,'Yellow curry powder, eggs, scallions, onions and fried shallots.','Seafood',''),(234,'Singapore Curry Fried Rice',9,8.95,'Yellow curry powder, eggs, scallions, onions and fried shallots.','Chicken',''),(235,'Singapore Curry Fried Rice',9,8.95,'Yellow curry powder, eggs, scallions, onions and fried shallots.','Pork',''),(236,'Singapore Curry Fried Rice',9,9.95,'Yellow curry powder, eggs, scallions, onions and fried shallots.','Combination (chicken, beef & pork)',''),(237,'Sushi Appetizer',10,7.95,'Tuna, salmon, white fish, white tuna and shrimp.','',''),(238,'Sashimi Appetizer',10,11.95,'','',''),(239,'Takonuta',10,6.00,'Octopus salad with miso dressing.','',''),(240,'Tako Su',10,6.00,'Octopus salad with rice vinegar dressing.','',''),(241,'Sunomono',10,6.95,'Shrimp, surf clam and crab stick in rice vinegar dressing.','',''),(242,'Shrimp & Avocado Salad',10,6.50,'Served with miso dressing.','',''),(243,'Tuna Tataki & Salad Special',10,10.95,'Seared tuna with ponzu sauce.','',''),(244,'Sushi Dinner Regular',11,14.75,'Includes miso soup.','',''),(245,'Sushi Dinner Deluxe',11,17.75,'Includes miso soup.','',''),(246,'Sashimi Dinner Regular',11,19.75,'Includes miso soup and rice.','',''),(247,'Sashimi Dinner Deluxe',11,24.95,'Includes miso soup and rice.','',''),(248,'Sushi & Sashimi Dinner Assortment',11,27.00,'Five pieces sushi, six pieces maki and 11 pieces sashimi. Includes miso soup and rice.','',''),(249,'Dinner Bento Box',11,15.95,'Four pieces sushi, one roll, three kinds of sashimi and eel on rice. Includes miso soup.','',''),(250,'Chirasi',11,13.75,'Assorted seafood on rice. Includes miso soup.','',''),(251,'Tekka Don',11,14.00,'Tuna on rice. Includes miso soup.','',''),(252,'Spicy Tekka Don',11,16.00,'Spicy tuna on rice. Includes miso soup.','',''),(253,'Unagi Don',11,14.00,'Eel on rice. Includes miso soup.','',''),(254,'Tuna Nigiri Sushi',12,4.00,'Maguro. Two pieces per order.','',''),(255,'White Tuna Nigiri Sushi',12,4.50,'Two pieces per order.','',''),(256,'Yellow Tail Nigiri Sushi',12,4.95,'Hamachi. Two pieces per order.','',''),(257,'White Fish Nigiri Sushi',12,3.75,'Hirame. Two pieces per order.','',''),(258,'Shrimp Nigiri Sushi',12,3.75,'Ebi. Two pieces per order.','',''),(259,'Sweet Shrimp Nigiri Sushi',12,4.25,'Amaebi. Two pieces per order.','',''),(260,'Octopus Nigiri Sushi',12,3.50,'Tako. Two pieces per order.','',''),(261,'Squid Nigiri Sushi',12,3.50,'Ika. Two pieces per order.','',''),(262,'Salmon Nigiri Sushi',12,3.95,'Sake. Two pieces per order.','',''),(263,'Smoked Salmon Nigiri Sushi',12,3.95,'Two pieces per order.','',''),(264,'Salmon Roe Nigiri Sushi',12,4.95,'Ikura. Two pieces per order.','',''),(265,'Eel Nigiri Sushi',12,4.50,'Unagi. Two pieces per order.','',''),(266,'Sea Eel Nigiri Sushi',12,4.50,'Anago. Two pieces per order.','',''),(267,'Mackerel Nigiri Sushi',12,3.50,'Saba. Two pieces per order.','',''),(268,'Flying Fish Roe Nigiri Sushi',12,3.95,'Tobiko. Two pieces per order.','',''),(269,'Surf Clam Nigiri Sushi',12,3.50,'Hokkigai. Two pieces per order.','',''),(270,'Crab Cake Nigiri Sushi',12,3.75,'Kani. Two pieces per order.','',''),(271,'Egg Nigiri Sushi',12,3.50,'Tamago. Two pieces per order.','',''),(272,'Spicy Tobiko Nigiri Sushi',12,4.00,'Two pieces per order.','',''),(273,'Wasabi Tobiko Nigiri Sushi',12,4.50,'Two pieces per order.','',''),(274,'Seared Albacore Nigiri Sushi',12,4.50,'Two pieces per order.','',''),(275,'Singapore Roll',13,5.50,'Tuna, crab and avocado. Six pieces per order.','',''),(276,'Spicy Crunchy Roll',13,4.95,'Tuna, salmon and shrimp. Six pieces per order.','',''),(277,'California Roll',13,3.95,'Six pieces per order.','',''),(278,'Spicy California Roll',13,4.75,'Six pieces per order.','',''),(279,'Tuna Roll',13,3.95,'Six pieces per order.','',''),(280,'Spicy Tuna Roll',13,4.95,'Six pieces per order.','',''),(281,'Yellowtail Scallion Roll',13,4.50,'Six pieces per order.','',''),(282,'Smoked Salmon & Cream Cheese Roll',13,4.25,'Six pieces per order.','',''),(283,'Smoked Salmon & Asparagus Roll',13,4.25,'Six pieces per order.','',''),(284,'Eel & Cucumber Roll',13,4.25,'Six pieces per order.','',''),(285,'Eel & Asparagus Roll',13,4.25,'Six pieces per order.','',''),(286,'Eel & Avocado Roll',13,4.50,'Six pieces per order.','',''),(287,'Alaska Roll',13,7.25,'Salmon, crab stick and avocado. Six pieces per order.','',''),(288,'Salmon Skin Roll',13,4.50,'Six pieces per order.','',''),(289,'Cucumber Roll',13,3.25,'Six pieces per order.','',''),(290,'Asparagus Roll',13,3.00,'Six pieces per order.','',''),(291,'Yellow Radish Roll',13,3.00,'Six pieces per order.','',''),(292,'Squash Roll',13,3.00,'Six pieces per order.','',''),(293,'Avocado Roll',13,3.50,'Six pieces per order.','',''),(294,'Shitaki Mushroom Roll',13,3.50,'Six pieces per order.','',''),(295,'Salmon Roll',13,3.50,'Six pieces per order.','',''),(296,'Hokkaido Roll',13,4.95,'Tuna, salmon, shrimp and avocado. Six pieces per order.','',''),(297,'Singa Roll',14,9.95,'Tobiko, eel, shrimp tempura.','',''),(298,'Shrimp Tempura Roll',14,7.25,'','',''),(299,'Dragon Roll',14,9.95,'','',''),(300,'Spicy Scallop Roll',14,6.95,'','',''),(301,'Fire Mountain Roll',14,7.95,'','',''),(302,'Scallop Tempura Roll',14,7.00,'','',''),(303,'Crazy Rock & Roll',14,11.95,'','',''),(304,'Rainbow Roll',14,9.95,'','',''),(305,'Spider Roll',14,7.00,'','',''),(306,'Crunchy Roll',14,8.00,'','',''),(307,'Spicy Tuna Tempura Roll',14,7.50,'','',''),(308,'Special California Roll',14,5.95,'','',''),(309,'Futomaki',14,7.75,'','',''),(310,'Veggie Futomaki',14,7.75,'','',''),(311,'D.C. Roll',14,11.95,'','',''),(312,'Avocado Salad',15,4.95,'Mixed green salad and avocado with miso dressing.','',''),(313,'Tuna & Avocado Salad',15,7.50,'Tuna, cucumber, avocado with miso dressing.','',''),(314,'Veggie Green Roll',15,6.95,'Lettuce, avocado, cucumber and asparagus.','',''),(315,'Spanish',15,7.50,'Shrimp, avocado on top of mango roll.','',''),(316,'Spicy Saba Roll',15,8.95,'Grilled saba on top of asparagus roll.','',''),(317,'Nagasaki',15,8.50,'Crab meat, crunchy covered by avocado.','',''),(318,'Tsunami Roll',15,12.95,'Shrimp tempura, spicy tuna, octopus, wrapped with soybean sheet.','',''),(319,'Special Rainbow',15,12.50,'Tuna, salmon, white fish draped on top of California roll.','',''),(320,'Summer Roll',15,9.95,'Spicy tuna, salmon skin, asparagus, cucumber wrapped with rice paper.','',''),(321,'Sun Rise',15,13.50,'Eel, avocado, cream cheese, asparagus, crunchy, tobiko, wasabi tobiko, masago.','',''),(322,'Crunchy Mushroom',15,5.95,'Mushroom and crunchy.','',''),(323,'Crunchy Sake Roll',15,6.50,'Salmon, crunchy, avocado and wasabi mayo.','',''),(324,'New York Roll',15,5.95,'Seared salmon, asparagus, mayo and scallions.','',''),(325,'Spicy White Tuna Roll',15,6.75,'White tuna, spicy mayo and scallions.','',''),(326,'Veggie Sushi Set',16,12.00,'Six pieces and one roll). Nigiri: avocado, cucumber, kampyo (squash), asparagus, mushroom and oshinko; wakame roll.','',''),(327,'Low-Carb California Roll',16,9.95,'Eight pieces). Crab stick, masago and avocado wrapped with cucumber.','',''),(328,'Low-Carb Eel Avocado Roll',16,9.95,'Eight pieces). Eel and avocado wrapped with cucumber.','',''),(329,'Low-Carb Crystal Roll',16,9.95,'Eight pieces). Tomago, cucumber, oshinko, crab stick, lettuce and avocado.','',''),(330,'Low-Carb Spicy Tuna Roll',16,9.95,'','',''),(331,'Sushi Lunch Special',17,8.50,'Includes miso soup.','',''),(332,'Sushi Lunch Regular',17,12.50,'Includes miso soup.','',''),(333,'Sashimi Lunch Regular',17,16.75,'Includes miso soup and rice.','',''),(334,'Sushi & Sashimi Lunch Assortment',17,17.95,'Four pieces sushi, six pieces maki and six pieces sashimi. Includes miso soup and rice.','',''),(335,'Lunch Bento Box',17,9.95,'Four pieces sushi, one roll and two kinds of sashimi. Includes miso soup and rice.','',''),(336,'Honey Fried Banana',18,4.00,'Fried banana with honey, crushed peanuts and shredded sweet coconut.','',''),(337,'Mango Sticky Rice',18,5.00,'Fresh mango and sticky rice with crushed peanuts, shredded sweet coconut, sesame seeds and coconut milk.','',''),(338,'Carrot Cake',18,5.00,'','',''),(339,'Cheese Cake',18,5.00,'','','');
/*!40000 ALTER TABLE `food_info` ENABLE KEYS */;
UNLOCK TABLES;

--
-- Table structure for table `foodclass_info`
--

DROP TABLE IF EXISTS `foodclass_info`;
SET @saved_cs_client     = @@character_set_client;
SET character_set_client = utf8;
CREATE TABLE `foodclass_info` (
  `foodclass_id` int(10) unsigned NOT NULL auto_increment,
  `foodclass_name` varchar(128) default NULL,
  PRIMARY KEY  (`foodclass_id`)
) ENGINE=InnoDB AUTO_INCREMENT=19 DEFAULT CHARSET=latin1;
SET character_set_client = @saved_cs_client;

--
-- Dumping data for table `foodclass_info`
--

LOCK TABLES `foodclass_info` WRITE;
/*!40000 ALTER TABLE `foodclass_info` DISABLE KEYS */;
INSERT INTO `foodclass_info` VALUES (1,'Popular Items'),(2,'Appetizer'),(3,'Soup'),(4,'Salad'),(5,'Noodles'),(6,'Noodle Soup'),(7,'House Specialty'),(8,'Entrees'),(9,'Fried Rice'),(10,'Sushi Appetizer'),(11,'Sushi & Sashimi Entree'),(12,'Nigiri Sushi'),(13,'Maki Sushi & Temaki'),(14,'Special Maki Sushi'),(15,'Sushi Connoisseur'),(16,'Dieter\'s Delight'),(17,'Sushi & Sashimi Lunch'),(18,'Dessert');
/*!40000 ALTER TABLE `foodclass_info` ENABLE KEYS */;
UNLOCK TABLES;

--
-- Table structure for table `list_state`
--

DROP TABLE IF EXISTS `list_state`;
SET @saved_cs_client     = @@character_set_client;
SET character_set_client = utf8;
CREATE TABLE `list_state` (
  `id` int(10) unsigned NOT NULL auto_increment,
  `statename` varchar(16) NOT NULL,
  PRIMARY KEY  (`id`)
) ENGINE=MyISAM AUTO_INCREMENT=51 DEFAULT CHARSET=latin1;
SET character_set_client = @saved_cs_client;

--
-- Dumping data for table `list_state`
--

LOCK TABLES `list_state` WRITE;
/*!40000 ALTER TABLE `list_state` DISABLE KEYS */;
INSERT INTO `list_state` VALUES (1,'AL'),(2,'AK'),(3,'AZ'),(4,'AR'),(5,'CA'),(6,'CO'),(7,'CT'),(8,'DC'),(9,'DE'),(10,'FL'),(11,'GA'),(12,'HI'),(13,'ID'),(14,'IL'),(15,'IN'),(16,'IA'),(17,'KS'),(18,'KY'),(19,'LA'),(20,'MA'),(21,'ME'),(22,'MD'),(23,'MN'),(24,'MS'),(25,'MO'),(26,'MT'),(27,'NE'),(28,'NV'),(29,'NH'),(30,'NJ'),(31,'NM'),(32,'NY'),(33,'NC'),(34,'ND'),(35,'OH'),(36,'OK'),(37,'OR'),(38,'PA'),(39,'RI'),(40,'SC'),(41,'SD'),(42,'TN'),(43,'TX'),(44,'UT'),(45,'VT'),(46,'VA'),(47,'WA'),(48,'WV'),(49,'WI'),(50,'WY');
/*!40000 ALTER TABLE `list_state` ENABLE KEYS */;
UNLOCK TABLES;

--
-- Table structure for table `managesys_login`
--

DROP TABLE IF EXISTS `managesys_login`;
SET @saved_cs_client     = @@character_set_client;
SET character_set_client = utf8;
CREATE TABLE `managesys_login` (
  `id` int(10) unsigned NOT NULL auto_increment,
  `username` varchar(128) NOT NULL,
  `password` varchar(32) NOT NULL,
  `addtime` date NOT NULL,
  PRIMARY KEY  (`id`)
) ENGINE=MyISAM AUTO_INCREMENT=2 DEFAULT CHARSET=latin1;
SET character_set_client = @saved_cs_client;

--
-- Dumping data for table `managesys_login`
--

LOCK TABLES `managesys_login` WRITE;
/*!40000 ALTER TABLE `managesys_login` DISABLE KEYS */;
INSERT INTO `managesys_login` VALUES (1,'manageadmin','182b42ab025053707f0b24a7b9e0254e','2009-12-20');
/*!40000 ALTER TABLE `managesys_login` ENABLE KEYS */;
UNLOCK TABLES;

--
-- Table structure for table `order_info`
--

DROP TABLE IF EXISTS `order_info`;
SET @saved_cs_client     = @@character_set_client;
SET character_set_client = utf8;
CREATE TABLE `order_info` (
  `order_id` int(10) unsigned NOT NULL auto_increment,
  `user_id` int(10) unsigned NOT NULL,
  `food_id` int(10) unsigned NOT NULL,
  `food_quantity` int(10) unsigned NOT NULL default '0',
  `other_require` varchar(64) default '',
  `addition_content` varchar(512) default '',
  `foodclass_id` int(11) NOT NULL,
  `flag` tinyint(3) unsigned default '0',
  PRIMARY KEY  (`order_id`)
) ENGINE=InnoDB AUTO_INCREMENT=1161 DEFAULT CHARSET=latin1;
SET character_set_client = @saved_cs_client;

--
-- Dumping data for table `order_info`
--

LOCK TABLES `order_info` WRITE;
/*!40000 ALTER TABLE `order_info` DISABLE KEYS */;
INSERT INTO `order_info` VALUES (1,1,1,1,'no','Add Special Instructions Here (additional charges may apply)',1,1),(2,1,2,1,'no','Add Special Instructions Here (additional charges may apply)',1,1),(3,2,119,1,'no','no nut',7,1),(4,2,190,1,'no','',8,1),(5,3,300,1,'no','',14,1),(6,3,38,1,'no','',5,1),(7,3,8,1,'no','',2,1),(8,4,1,1,'no','',1,1),(9,4,4,1,'no','',1,1),(10,5,240,2,'no','',10,1),(11,5,23,1,'no','',3,1),(12,5,28,1,'no','',3,1),(13,5,97,1,'no','',6,1),(14,5,97,2,'no','',6,1),(15,9,1,1,'no','',1,2),(16,9,3,1,'no','',1,2),(17,9,4,1,'no','',1,2),(18,10,1,1,'no','',1,1),(19,10,2,1,'no','',1,1),(20,10,3,2,'no','',1,1),(21,11,1,1,'no','',1,1),(22,11,3,1,'no','',1,1),(23,11,254,1,'no','',12,1),(24,12,2,1,'no','',1,1),(25,12,4,1,'no','',1,1),(26,12,5,1,'no','',1,1),(27,0,2,1,'no','',1,3),(28,0,4,1,'no','',1,3),(29,0,281,1,'no','',13,3),(30,0,288,1,'no','',13,3),(31,14,4,1,'no','',1,1),(32,14,3,1,'no','',1,1),(33,15,2,1,'no','',1,1),(34,15,4,1,'no','',1,1),(35,16,1,1,'no','',1,1),(36,16,2,1,'no','',1,1),(37,16,5,1,'no','',1,1),(38,17,1,1,'no','',1,1),(39,17,4,1,'no','',1,1),(40,17,6,1,'no','',1,1),(41,17,11,1,'no','',2,1),(42,17,11,4,'no','',2,1),(43,17,16,1,'no','',2,1),(44,17,18,1,'no','',2,1),(45,19,1,1,'no','',1,1),(46,19,244,1,'no','',11,1),(47,19,314,1,'no','',15,1),(48,20,1,1,'no','',1,1),(49,20,260,1,'no','',12,1),(50,20,269,1,'no','',12,1),(51,20,40,1,'no','',5,1),(52,21,4,1,'no','',1,1),(53,21,32,1,'no','',4,1),(54,21,108,1,'no','',6,1),(55,21,101,1,'no','',6,1),(56,22,1,1,'no','',1,1),(57,22,2,3,'no','',1,1),(58,22,6,2,'no','',1,1),(59,22,11,1,'no','',2,1),(60,22,15,1,'no','',2,1),(61,22,17,1,'no','',2,1),(62,22,281,1,'no','',13,1),(63,22,286,1,'no','',13,1),(64,22,289,5,'no','',13,1),(65,22,130,1,'no','',8,1),(66,23,12,1,'no','',2,1),(67,23,303,1,'no','',14,1),(68,23,336,1,'no','',18,1),(69,23,214,1,'no','',9,1),(70,24,1,1,'no','',1,1),(71,24,4,3,'no','',1,1),(72,24,40,1,'no','',5,1),(73,24,38,1,'no','',5,1),(74,24,38,1,'no','',5,1),(75,24,276,1,'no','',13,1),(76,24,280,5,'no','',13,1),(77,25,1,1,'no','',1,1),(78,25,4,1,'no','',1,1),(79,25,5,1,'no','',1,1),(80,26,2,1,'no','',1,1),(81,26,244,1,'no','',11,1),(82,26,249,1,'no','',11,1),(83,26,301,1,'no','',14,1),(84,27,1,1,'no','',1,1),(85,27,4,1,'no','',1,1),(86,27,5,1,'no','',1,1),(87,28,1,1,'no','',1,1),(88,28,2,1,'no','',1,1),(89,28,6,3,'no','',1,1),(90,28,11,1,'no','',2,1),(91,28,11,1,'no','',2,1),(92,28,15,5,'no','',2,1),(93,28,15,5,'no','',2,1),(94,28,16,1,'no','',2,1),(95,28,19,1,'no','',2,1),(96,28,10,1,'no','',2,1),(97,29,1,1,'no','',1,1),(98,29,4,1,'no','',1,1),(99,29,6,1,'no','',1,1),(100,30,1,1,'no','',1,1),(101,30,4,1,'no','',1,1),(102,30,12,1,'no','',2,1),(103,30,15,1,'no','',2,1),(104,30,18,1,'no','',2,1),(105,30,19,1,'no','',2,1),(106,30,21,1,'no','',2,1),(107,30,22,1,'no','',2,1),(108,30,254,1,'no','',12,1),(109,30,254,3,'no','',12,1),(110,30,263,1,'no','',12,1),(111,30,270,1,'no','',12,1),(112,31,1,1,'no','',1,1),(113,31,4,1,'no','',1,1),(114,31,4,1,'no','',1,1),(115,31,5,1,'no','',1,1),(116,31,11,1,'no','',2,1),(117,31,15,1,'no','',2,1),(118,31,17,1,'no','',2,1),(119,31,17,1,'no','',2,1),(120,39,1,1,'no','',1,1),(121,39,6,1,'no','',1,1),(122,39,4,1,'no','',1,1),(123,39,12,1,'no','',2,1),(124,39,13,1,'no','',2,1),(125,39,13,1,'no','',2,1),(126,40,254,1,'no','',12,1),(127,40,94,1,'no','',6,1),(128,40,99,1,'no','',6,1),(129,40,96,1,'no','',6,1),(130,40,98,1,'no','',6,1),(131,40,118,1,'no','',6,1),(132,42,3,1,'no','',1,1),(133,42,4,1,'no','',1,1),(134,42,5,1,'no','',1,1),(135,43,41,1,'no','',5,1),(136,43,39,1,'no','',5,1),(137,32,4,2,'no','',1,1),(138,32,2,1,'no','',1,1),(139,32,11,1,'no','',2,1),(140,32,15,1,'Fried','',2,1),(141,32,22,2,'no','',2,1),(142,50,38,2,'no','',5,1),(143,50,100,2,'Rice','',6,1),(144,52,2,1,'no','',1,1),(145,52,6,3,'no','',1,1),(146,52,13,1,'no','',2,1),(147,52,16,1,'Steamed','',2,1),(148,51,2,1,'no','',1,1),(149,51,4,1,'no','',1,1),(150,51,6,1,'no','',1,1),(151,53,2,1,'no','',1,1),(152,53,4,1,'no','',1,1),(153,53,5,1,'no','',1,1),(154,32,1,3,'no','',1,1),(155,32,5,1,'no','',1,1),(156,32,18,1,'no','',2,1),(157,32,48,1,'no','',5,1),(158,32,101,1,'Flat','',6,1),(159,32,106,1,'Egg','',6,1),(160,32,103,1,'Rice','',6,1),(161,32,105,1,'Vermicelli','',6,1),(162,32,106,1,'Egg','',6,1),(163,32,2,1,'no','',1,1),(164,32,1,3,'no','',1,1),(165,32,41,1,'no','',5,1),(166,32,47,2,'no','',5,1),(167,32,101,1,'Flat','',6,1),(168,32,1,3,'no','',1,1),(169,32,1,3,'no','',1,1),(170,32,1,3,'no','',1,1),(171,32,4,1,'no','',1,1),(172,32,5,4,'no','',1,1),(173,32,103,1,'Egg','',6,1),(174,32,1,2,'no','',1,1),(175,32,1,2,'no','',1,1),(176,32,4,4,'no','',1,1),(177,51,2,1,'no','',1,1),(178,51,4,1,'no','',1,1),(179,51,5,1,'no','',1,1),(180,32,2,3,'no','',1,1),(181,32,2,3,'no','',1,1),(182,32,6,5,'no','',1,1),(183,32,6,5,'no','',1,1),(184,32,101,1,'Flat','',6,1),(185,32,101,1,'Flat','',6,1),(186,32,101,1,'Rice','',6,1),(187,32,103,1,'Egg','',6,1),(188,51,3,1,'no','',1,1),(189,51,4,1,'no','',1,1),(190,51,5,1,'no','',1,1),(191,51,3,1,'no','',1,1),(192,51,4,1,'no','',1,1),(193,51,4,3,'no','little',1,1),(194,54,3,1,'no','',1,1),(195,54,6,2,'no','',1,1),(196,55,256,1,'no','',12,1),(197,55,256,1,'no','',12,1),(198,55,256,1,'no','',12,1),(199,55,256,1,'no','',12,1),(200,32,1,1,'no','',1,1),(201,32,4,3,'no','salt',1,1),(202,32,108,2,'no','',6,1),(203,32,105,3,'Flat','sweet',6,1),(204,32,3,3,'no','',1,1),(205,56,96,2,'no','dfafsdffdadfsafdgdsg  gdg gf',6,1),(206,56,105,1,'Egg','',6,1),(207,56,115,1,'Rice','',6,1),(208,56,276,1,'Rice','',13,1),(209,56,286,1,'Rice','',13,1),(210,56,119,1,'Rice','',7,1),(211,57,277,1,'no','',13,1),(212,57,131,1,'no','',8,1),(213,32,1,1,'no','',1,1),(214,32,1,1,'no','',1,1),(215,32,6,1,'no','',1,1),(216,32,7,1,'no','',2,1),(217,32,13,1,'no','',2,1),(218,32,13,1,'no','',2,1),(219,32,20,1,'no','',2,1),(220,32,22,1,'no','',2,1),(221,32,4,1,'no','',1,1),(222,32,4,1,'no','',1,1),(223,51,2,1,'no','',1,1),(224,51,4,1,'no','',1,1),(225,51,5,1,'no','',1,1),(226,51,2,1,'no','',1,1),(227,51,4,1,'no','',1,1),(228,51,2,1,'no','',1,1),(229,51,4,1,'no','',1,1),(230,32,1,1,'no','',1,1),(231,32,4,1,'no','',1,1),(232,32,6,2,'no','salt',1,1),(233,32,97,2,'no','',6,1),(234,32,103,1,'Flat','',6,1),(235,32,108,1,'Flat','',6,1),(236,32,108,2,'no','',6,1),(237,51,2,1,'no','',1,1),(238,51,3,1,'no','',1,1),(239,51,4,1,'no','',1,1),(240,51,9,1,'no','',2,1),(241,51,11,1,'no','',2,1),(242,51,13,1,'no','',2,1),(243,51,11,1,'no','',2,1),(244,51,3,1,'no','',1,1),(245,51,4,1,'no','',1,1),(246,51,2,1,'no','',1,1),(247,51,3,1,'no','',1,1),(248,58,1,1,'no','',1,1),(249,58,3,1,'no','sdfdsgdfgdfgv  tg hfd h hgff jg jgf jhfj fhdjhf',1,1),(250,58,6,1,'no','',1,1),(251,58,314,1,'no','',15,1),(252,58,316,1,'no','',15,1),(253,58,321,1,'no','fdsfv sg hfhh   hjgdh dhdgh ',15,1),(254,32,3,3,' ','',1,1),(255,32,4,1,'no','',1,1),(256,32,4,1,'no','',1,1),(257,32,4,3,'no','',1,1),(258,32,4,3,'no','',1,1),(259,32,124,1,'Medium','',7,1),(260,32,125,3,'no','',7,1),(261,32,125,3,'no','',7,1),(262,51,2,1,'no','',1,1),(263,51,2,1,'no','',1,1),(264,51,2,1,'no','',1,1),(265,51,1,1,'no','',1,1),(266,51,1,1,'no','',1,1),(267,51,1,1,'no','',1,1),(268,32,11,1,'no','',2,1),(269,32,13,1,'no','',2,1),(270,32,17,1,'no','',2,1),(271,32,19,2,'no','',2,1),(272,32,94,1,'no','',6,1),(273,32,98,2,'Flat','salt',6,1),(274,32,2,1,'Flat','',1,1),(275,32,2,1,'Flat','',1,1),(276,32,6,2,'no','sweet',1,1),(277,32,122,3,'Medium','',7,1),(278,32,5,3,'no','',1,1),(279,32,2,1,'no','',1,1),(280,32,4,1,'no','',1,1),(281,32,6,1,'no','',1,1),(282,32,12,1,'no','',2,1),(283,32,15,1,'Steamed','',2,1),(284,32,22,2,'no','',2,1),(285,32,32,1,'no','',4,1),(286,32,34,1,'no','',4,1),(287,32,36,1,'no','',4,1),(288,32,37,2,'no','salt',4,1),(289,32,125,1,'no','',7,1),(290,32,122,2,'Spicy','',7,1),(291,32,122,2,'Spicy','',7,1),(292,32,124,1,'Mild','',7,1),(293,32,124,2,'Mild','',7,1),(294,32,3,1,'no','',1,1),(295,32,2,1,'no','',1,1),(296,32,5,1,'no','',1,1),(297,32,4,1,'no','',1,1),(298,32,5,1,'no','',1,1),(299,32,122,1,'Medium','',7,1),(300,32,122,1,'Medium','',7,1),(301,32,122,1,'Mild','',7,1),(302,32,125,2,'no','',7,1),(303,32,125,2,'no','',7,1),(304,32,136,1,'no','salt',8,1),(305,51,1,1,'no','',1,1),(306,51,1,1,'no','',1,1),(307,51,1,1,'no','',1,1),(308,51,1,1,'no','',1,1),(309,51,2,1,'no','',1,1),(310,51,4,1,'no','',1,1),(311,51,5,1,'no','',1,1),(312,51,1,1,'no','',1,1),(313,51,2,1,'no','',1,1),(314,51,3,1,'no','',1,1),(315,51,1,1,'no','',1,1),(316,51,1,1,'no','',1,1),(317,51,1,1,'no','',1,1),(318,51,122,1,'Mild','',7,1),(319,51,119,1,'Mild','',7,1),(320,32,5,1,'no','',1,1),(321,32,6,1,'no','',1,1),(322,32,12,1,'no','',2,1),(323,32,9,3,'no','',2,1),(324,32,6,2,'no','salt',1,1),(325,32,106,1,'Vermicelli','',6,1),(326,32,106,1,'Vermicelli','',6,1),(327,51,122,1,'Mild','',7,1),(328,51,1,1,'Mild','',1,1),(329,59,29,1,'no','',4,1),(330,59,327,1,'no','',16,1),(331,59,246,1,'no','',11,1),(332,51,1,1,'no','',1,1),(333,51,3,1,'no','',1,1),(334,51,4,1,'no','',1,1),(335,51,122,1,'Medium','',7,1),(336,51,119,1,'no','',7,1),(337,51,121,1,'no','',7,1),(338,51,1,1,'no','',1,1),(339,51,122,2,'Mild','',7,1),(340,51,123,1,'no','',7,1),(341,51,1,1,'no','',1,1),(342,51,122,1,'Medium','fghghg',7,1),(343,51,125,1,'no','',7,1),(344,51,4,1,'no','',1,1),(345,51,5,1,'no','',1,1),(346,51,2,1,'no','ghghg',1,1),(347,60,2,1,'no','',1,1),(348,60,4,1,'no','',1,1),(349,60,5,1,'no','ghgfhgf',1,1),(350,60,122,1,'Medium','fghghg',7,1),(351,61,1,1,'no','',1,1),(352,61,2,1,'no','',1,1),(353,51,2,1,'no','',1,1),(354,51,4,1,'no','',1,1),(355,51,2,1,'no','',1,1),(356,32,5,1,'no','',1,1),(357,32,12,1,'no','',2,1),(358,32,12,1,'no','',2,1),(359,32,17,1,'no','',2,1),(360,32,28,2,'no','salt',3,1),(361,32,106,1,'Vermicelli','',6,1),(362,32,122,4,'Mild','sweet',7,1),(363,32,1,1,'no','',1,1),(364,32,5,2,'no','',1,1),(365,32,6,2,'no','salt',1,1),(366,32,6,2,'no','salt',1,1),(367,32,39,2,'no','sweet',5,1),(368,32,4,1,'no','',1,1),(369,32,5,1,'no','',1,1),(370,32,43,1,'no','',5,1),(371,32,1,1,'no','',1,1),(372,32,5,2,'no','sweet',1,1),(373,32,55,1,'no','',5,1),(374,32,60,1,'no','',5,1),(375,32,104,3,'Egg','salt',6,1),(376,32,105,1,'Rice','',6,1),(377,32,7,1,'no','salt',2,1),(378,32,15,1,'Steamed','',2,1),(379,32,122,2,'Mild','salt',7,1),(380,32,6,1,'no','',1,1),(381,32,19,1,'no','',2,1),(382,32,19,1,'no','',2,1),(383,32,22,1,'no','',2,1),(384,32,22,1,'no','',2,1),(385,32,4,1,'no','',1,1),(386,32,6,1,'no','',1,1),(387,32,124,1,'Mild','salt',7,1),(388,32,125,1,'no','',7,1),(389,51,2,1,'no','',1,1),(390,51,3,1,'no','',1,1),(391,51,4,1,'no','',1,1),(392,51,1,1,'no','',1,1),(393,51,1,1,'no','',1,1),(394,51,1,1,'no','',1,1),(395,32,9,1,'no','',2,1),(396,32,12,1,'no','salt',2,1),(397,32,27,1,'no','',3,1),(398,32,123,1,'no','',7,1),(399,32,123,1,'no','',7,1),(400,32,125,2,'no','',7,1),(401,32,101,2,'Vermicelli','sweet',6,1),(402,32,106,2,'Mix','',6,1),(403,32,112,1,'Vermicelli','',6,1),(404,32,106,1,'Vermicelli','salt',6,1),(405,51,2,1,'no','',1,1),(406,51,4,1,'no','',1,1),(407,51,3,1,'no','',1,1),(408,51,4,1,'no','',1,1),(409,51,5,1,'no','',1,1),(410,51,1,1,'no','',1,1),(411,51,2,1,'no','',1,1),(412,51,2,1,'no','',1,1),(413,51,4,1,'no','',1,1),(414,51,5,1,'no','',1,1),(415,51,1,1,'no','',1,1),(416,51,2,1,'no','',1,1),(417,51,4,1,'no','',1,1),(418,51,2,1,'no','',1,1),(419,51,3,1,'no','',1,1),(420,51,4,1,'no','',1,1),(421,32,3,1,'no','',1,1),(422,32,4,1,'no','',1,1),(423,32,6,1,'no','',1,1),(424,32,4,1,'no','',1,1),(425,32,5,1,'no','',1,1),(426,32,5,1,'no','',1,1),(427,32,13,1,'no','',2,1),(428,32,17,1,'no','',2,1),(429,32,20,1,'no','',2,1),(430,51,2,1,'no','',1,1),(431,51,3,1,'no','',1,1),(432,51,4,1,'no','',1,1),(433,51,4,1,'no','',1,1),(434,51,2,1,'no','',1,1),(435,51,2,1,'no','',1,1),(436,51,2,1,'no','',1,1),(437,51,2,1,'no','',1,1),(438,51,3,1,'no','',1,1),(439,51,2,1,'no','',1,1),(440,51,2,1,'no','',1,1),(441,51,2,1,'no','',1,1),(442,32,1,1,'no','',1,1),(443,32,5,1,'no','',1,1),(444,32,103,2,'Egg','sweet',6,1),(445,32,101,1,'Mix','salt',6,1),(446,32,101,1,'Mix','salt',6,1),(447,32,122,3,'Spicy','',7,1),(448,32,1,1,'no','',1,1),(449,32,5,1,'no','',1,1),(450,32,4,1,'no','',1,1),(451,32,4,1,'no','',1,1),(452,32,122,1,'Spicy','',7,1),(453,32,4,1,'no','',1,1),(454,32,5,1,'no','',1,1),(455,32,2,3,'no','',1,1),(456,32,3,1,' ','',1,1),(457,32,4,1,' ','',1,1),(458,32,5,1,' ','',1,1),(459,32,13,1,' ','',2,1),(460,32,17,1,' ','',2,1),(461,32,20,1,' ','',2,1),(462,32,4,1,' ','',1,1),(463,32,124,1,'Mild','salt',7,1),(464,32,125,1,' ','',7,1),(465,32,4,1,' ','',1,1),(466,32,124,1,'Mild','salt',7,1),(467,32,125,1,' ','',7,1),(468,32,1,1,'no','',1,1),(469,62,121,1,'no','',7,1),(470,62,124,1,'Medium','',7,1),(471,63,4,1,'no','',1,1),(472,63,28,1,'no','',3,1),(473,63,123,1,'no','',7,1),(474,62,12,1,'no','',2,1),(475,62,16,1,'Steamed','',2,1),(476,62,22,1,'no','',2,1),(477,62,19,1,'no','',2,1),(478,62,1,1,'no','',1,1),(479,32,3,1,'no','',1,1),(480,32,5,1,'no','',1,1),(481,32,2,1,'no','',1,1),(482,32,4,1,' ','',1,1),(483,32,124,1,'Mild','salt',7,1),(484,32,125,1,' ','',7,1),(485,32,4,1,'no','',1,1),(486,32,5,1,'no','',1,1),(487,32,100,1,'Vermicelli','',6,1),(488,32,115,1,'Flat','',6,1),(489,32,122,1,'Mild','',7,1),(490,32,126,1,'Spicy','',7,1),(491,32,122,1,'Medium','sweet',7,1),(492,32,5,1,'no','',1,1),(493,32,2,1,'no','',1,1),(494,32,4,3,'no','',1,1),(495,32,5,1,'no','',1,1),(496,32,2,1,'no','',1,1),(497,32,4,3,'no','',1,1),(498,65,2,1,'no','',1,1),(499,65,4,1,'no','',1,1),(500,65,5,1,'no','',1,1),(501,65,3,1,'no','',1,1),(502,32,119,1,'no','',7,1),(503,32,121,1,'no','',7,1),(504,32,122,1,'Medium','',7,1),(505,51,1,1,'no','',1,1),(506,51,2,1,'no','',1,1),(507,51,3,1,'no','',1,1),(508,51,1,1,'no','',1,1),(509,51,2,1,'no','',1,1),(510,51,4,1,'no','',1,1),(511,32,3,1,'no','',1,1),(512,32,5,1,'no','',1,1),(513,32,13,1,'no','',2,1),(514,32,17,1,'no','',2,1),(515,32,19,1,'no','',2,1),(516,32,4,1,'no','',1,1),(517,32,5,1,'no','',1,1),(518,32,32,1,'no','',4,1),(519,32,100,2,'Vermicelli','salt',6,1),(520,32,100,2,'Vermicelli','salt',6,1),(521,32,100,1,'Flat','',6,1),(522,32,100,1,'Flat','',6,1),(523,32,10,1,'no','',2,1),(524,32,16,1,'Steamed','',2,1),(525,32,16,1,'Steamed','',2,1),(526,32,19,1,'no','',2,1),(527,32,21,1,'no','',2,1),(528,32,94,1,'no','',6,1),(529,32,101,1,'Flat','',6,1),(530,32,100,1,'Rice','',6,1),(531,32,108,1,'no','',6,1),(532,32,96,1,'no','',6,1),(533,32,96,5,'no','',6,1),(534,32,96,5,'no','',6,1),(535,32,9,6,'no','',2,1),(536,32,9,6,'no','',2,1),(537,32,9,6,' ','',2,1),(538,32,9,6,' ','',2,1),(539,51,2,1,'no','',1,1),(540,51,2,1,'no','',1,1),(541,51,2,1,'no','',1,1),(542,51,2,1,'no','',1,1),(543,32,9,6,' ','',2,1),(544,32,9,6,' ','',2,1),(545,32,4,1,'no','',1,1),(546,32,4,1,'no','',1,1),(547,32,5,1,'no','',1,1),(548,32,11,1,'no','',2,1),(549,32,13,1,'no','',2,1),(550,32,15,1,'Steamed','',2,1),(551,32,19,1,'no','',2,1),(552,32,21,1,'no','',2,1),(553,32,20,1,'no','',2,1),(554,32,21,1,'no','',2,1),(555,32,22,1,'no','',2,1),(556,32,12,1,'no','',2,1),(557,32,15,4,'Steamed','',2,1),(558,32,1,1,'no','',1,1),(559,32,4,1,'no','',1,1),(560,32,5,1,'no','',1,1),(561,32,24,1,'no','',3,1),(562,32,26,1,'no','',3,1),(563,32,27,1,'no','',3,1),(564,32,28,1,'no','',3,1),(565,32,11,1,'no','',2,1),(566,32,15,4,'Steamed','salt',2,1),(567,32,12,1,'no','',2,1),(568,32,17,1,'no','',2,1),(569,32,13,1,'no','',2,1),(570,32,18,1,'no','',2,1),(571,32,10,1,'no','',2,1),(572,32,18,3,'no','',2,1),(573,32,4,1,'no','',1,1),(574,32,3,1,'no','',1,1),(575,32,1,1,'no','',1,1),(576,32,3,1,'no','',1,1),(577,32,4,1,'no','',1,1),(578,32,4,1,'no','',1,1),(579,66,3,1,'no','',1,1),(580,66,27,1,'no','',3,1),(581,66,297,1,'no','',14,1),(582,66,99,1,'Mix','',6,1),(583,68,1,1,'no','',1,1),(584,68,1,1,'no','',1,1),(585,68,1,1,'no','',1,1),(586,68,1,1,'no','',1,1),(587,68,1,1,'no','',1,1),(588,68,1,1,'no','',1,1),(589,68,1,1,'no','',1,1),(590,68,1,1,'no','',1,1),(591,68,1,1,'no','',1,1),(592,68,1,1,'no','',1,1),(593,68,1,1,'no','',1,1),(594,68,1,1,'no','',1,1),(595,32,3,1,'no','',1,1),(596,32,3,1,'no','',1,1),(597,32,4,1,'no','',1,1),(598,32,124,1,'Mild','',7,1),(599,32,124,1,'Mild','',7,1),(600,32,122,1,'Medium','',7,1),(601,32,4,1,'no','',1,1),(602,32,5,1,'no','',1,1),(603,32,4,1,'no','',1,1),(604,32,4,3,'no','',1,1),(605,69,2,1,'no','',1,1),(606,69,2,1,'no','',1,1),(607,69,2,1,'no','',1,1),(608,32,2,1,'no','',1,1),(609,32,4,1,'no','',1,1),(610,32,33,1,'no','',4,1),(611,32,32,1,'no','',4,1),(612,70,3,6,'no','',1,1),(613,69,2,1,'no','',1,1),(614,69,2,1,'no','',1,1),(615,69,2,1,'no','',1,1),(616,69,2,1,'no','',1,1),(617,69,2,1,'no','',1,1),(618,69,2,1,'no','',1,1),(619,69,2,1,'no','',1,1),(620,69,2,1,'no','',1,1),(621,32,8,1,'no','',2,1),(622,32,10,1,'no','',2,1),(623,32,13,1,'no','',2,1),(624,32,12,1,'no','',2,1),(625,32,19,1,'no','',2,1),(626,32,21,1,'no','',2,1),(627,32,22,1,'no','',2,1),(628,32,21,1,'no','',2,1),(629,32,2,5,'no','',1,1),(630,71,119,1,'no','',7,1),(631,71,277,1,'no','',13,1),(632,71,256,1,'no','',12,1),(633,32,5,3,'no','',1,1),(634,32,5,1,'no','',1,1),(635,32,4,1,'no','',1,1),(636,32,32,1,'no','',4,1),(637,32,1,1,'no','',1,1),(638,32,3,1,'no','',1,1),(639,32,4,1,'no','',1,1),(640,32,5,1,'no','',1,1),(641,51,2,1,'no','',1,1),(642,51,2,1,'no','',1,1),(643,51,2,1,'no','',1,1),(644,51,1,1,'no','',1,1),(645,51,2,1,'no','',1,1),(646,51,3,1,'no','',1,1),(647,51,2,1,'no','',1,1),(648,51,2,1,'no','',1,1),(649,51,2,1,'no','',1,1),(650,51,2,1,'no','',1,1),(651,51,2,1,'no','',1,1),(652,51,2,1,'no','',1,1),(653,51,2,1,'no','',1,1),(654,51,2,1,'no','',1,1),(655,51,2,1,'no','',1,1),(656,51,2,1,'no','',1,1),(657,51,2,1,'no','',1,1),(658,51,2,1,'no','',1,1),(659,32,32,1,'no','',4,1),(660,32,35,1,'no','',4,1),(661,32,37,1,'no','',4,1),(662,32,119,1,'no','',7,1),(663,32,121,1,'no','',7,1),(664,32,124,1,'Mild','',7,1),(665,32,4,1,'no','',1,1),(666,32,3,1,'no','',1,1),(667,32,4,1,'no','',1,1),(668,32,3,1,'no','',1,1),(669,32,10,1,'no','',2,1),(670,32,16,5,'Steamed','',2,1),(671,32,3,1,'no','',1,1),(672,32,12,1,'no','',2,1),(673,32,17,1,'no','',2,1),(674,32,19,1,'no','',2,1),(675,32,22,1,'no','',2,1),(676,72,8,1,'no','',2,1),(677,72,27,1,'no','',3,1),(678,72,127,1,'Medium','no peanut',8,1),(679,32,1,1,'no','',1,1),(680,32,4,1,'no','',1,1),(681,32,5,1,'no','',1,1),(682,32,10,1,'no','',2,1),(683,32,14,1,'no','',2,1),(684,32,20,1,'no','',2,1),(685,32,21,2,'no','',2,1),(686,32,98,1,'Egg','',6,1),(687,32,101,2,'Rice','salt',6,1),(688,73,2,1,'no','',1,1),(689,73,4,1,'no','',1,1),(690,73,4,1,'no','',1,1),(691,73,40,1,'no','',5,1),(692,73,41,1,'no','',5,1),(693,73,44,1,'no','',5,1),(694,73,41,1,'no','',5,1),(695,69,3,1,'no','',1,1),(696,69,4,1,'no','',1,1),(697,32,3,1,'no','',1,1),(698,32,4,1,'no','',1,1),(699,32,30,1,'no','',4,1),(700,32,32,1,'no','',4,1),(701,32,35,1,'no','',4,1),(702,70,2,1,'no','',1,1),(703,70,4,1,'no','',1,1),(704,70,32,1,'no','',4,1),(705,70,35,1,'no','',4,1),(706,70,36,1,'no','',4,1),(707,70,36,1,'no','',4,1),(708,70,37,1,'no','',4,1),(709,74,1,1,'no','',1,1),(710,74,4,1,'no','',1,1),(711,74,5,1,'no','',1,1),(712,74,13,1,'no','',2,1),(713,74,17,1,'no','',2,1),(714,74,19,1,'no','',2,1),(715,74,21,1,'no','',2,1),(716,75,2,1,'no','',1,1),(717,75,2,1,'no','',1,1),(718,75,2,1,'no','',1,1),(719,32,4,1,'no','',1,1),(720,32,5,1,'no','',1,1),(721,32,2,1,'no','',1,1),(722,32,13,1,'no','',2,1),(723,32,16,2,'Steamed','',2,1),(724,69,4,1,'no','',1,1),(725,69,4,1,'no','',1,1),(726,69,4,1,'no','',1,1),(727,76,2,1,'no','',1,1),(728,76,3,1,'no','',1,1),(729,76,4,1,'no','',1,1),(730,76,12,1,'no','',2,1),(731,76,13,1,'no','',2,1),(732,76,15,2,'Steamed','',2,1),(733,77,2,1,'no','',1,1),(734,77,3,1,'no','',1,1),(735,77,4,1,'no','',1,1),(736,77,12,1,'no','',2,1),(737,77,13,1,'no','',2,1),(738,77,15,2,'Steamed','',2,1),(739,32,2,1,'no','',1,1),(740,32,4,1,'no','',1,1),(741,32,5,3,'no','',1,1),(742,32,26,1,'no','',3,1),(743,32,24,1,'no','',3,1),(744,32,26,1,'no','',3,1),(745,32,2,1,'no','',1,1),(746,32,2,1,'no','',1,1),(747,32,1,1,'no','',1,1),(748,32,3,1,'no','',1,1),(749,32,3,1,'no','',1,1),(750,32,5,1,'no','',1,1),(751,32,5,1,'no','',1,1),(752,32,38,1,'no','',5,1),(753,32,38,1,'no','',5,1),(754,32,38,1,'no','',5,1),(755,32,40,1,'no','',5,1),(756,32,40,1,'no','',5,1),(757,32,61,1,'no','',5,1),(758,32,72,1,'no','',5,1),(759,32,5,1,'no','',1,1),(760,32,3,1,'no','',1,1),(761,32,2,1,'no','',1,1),(762,32,4,1,'no','',1,1),(763,32,29,1,'no','',4,1),(764,32,29,1,'no','',4,1),(765,32,7,1,'no','',2,1),(766,32,13,1,'no','',2,1),(767,32,17,1,'no','',2,1),(768,32,21,1,'no','',2,1),(769,32,21,1,'no','',2,1),(770,32,19,1,'no','',2,1),(771,32,16,3,'Steamed','',2,1),(772,32,14,1,'no','',2,1),(773,32,17,1,'no','',2,1),(774,32,28,1,'no','',3,1),(775,32,28,1,'no','',3,1),(776,32,28,1,'no','',3,1),(777,32,26,1,'no','',3,1),(778,32,123,1,'no','',7,1),(779,32,125,1,'no','',7,1),(780,32,122,1,'Mild','',7,1),(781,32,122,1,'Mild','',7,1),(782,32,1,1,'no','',1,1),(783,32,4,1,'no','',1,1),(784,32,5,1,'no','',1,1),(785,32,12,1,'no','',2,1),(786,32,14,1,'no','',2,1),(787,32,17,1,'no','',2,1),(788,32,19,1,'no','',2,1),(789,32,19,1,'no','',2,1),(790,32,21,1,'no','',2,1),(791,32,22,1,'no','',2,1),(792,32,106,1,'Vermicelli','',6,1),(793,78,4,1,'no','',1,1),(794,78,2,1,'no','',1,1),(795,78,4,1,'no','',1,1),(796,81,2,1,'no','',1,1),(797,81,4,1,'no','',1,1),(798,81,11,1,'no','',2,1),(799,81,12,1,'no','',2,1),(800,81,15,2,'Steamed','',2,1),(801,81,23,1,'no','',3,1),(802,81,25,1,'no','',3,1),(803,81,27,1,'no','',3,1),(804,81,28,1,'no','',3,1),(805,81,23,1,'no','',3,1),(806,81,42,1,'no','',5,1),(807,81,46,1,'no','',5,1),(808,82,3,1,'no','',1,1),(809,82,4,1,'no','',1,1),(810,82,15,2,'Steamed','sweet',2,1),(811,84,38,1,'no','',5,1),(812,84,303,1,'no','',14,1),(813,84,98,2,'Rice','',6,1),(814,84,98,1,'Egg','',6,1),(815,82,5,1,'no','',1,1),(816,82,5,1,'no','',1,1),(817,82,4,1,'no','',1,1),(818,84,24,1,'no','',3,1),(819,84,278,2,'no','',13,1),(820,84,98,1,'Vermicelli','',6,1),(821,69,3,1,'no','',1,1),(822,69,3,1,'no','',1,1),(823,69,3,1,'no','',1,1),(824,82,3,1,'no','',1,1),(825,82,4,1,'no','',1,1),(826,82,38,2,'no','salt',5,1),(827,82,48,1,'no','sweet',5,1),(828,82,54,1,'no','',5,1),(829,82,63,1,'Less','',5,1),(830,82,67,1,'None','',5,1),(831,82,4,1,'no','',1,1),(832,82,4,1,'no','',1,1),(833,82,5,1,'no','',1,1),(834,82,4,1,'no','',1,1),(835,82,4,1,'no','',1,1),(836,82,11,1,'no','',2,1),(837,82,14,1,'no','',2,1),(838,82,17,1,'no','',2,1),(839,82,19,1,'no','',2,1),(840,82,21,1,'no','',2,1),(841,82,2,1,'no','',1,1),(842,82,4,1,'no','',1,1),(843,82,27,1,'no','',3,1),(844,82,25,1,'no','',3,1),(845,82,24,1,'no','',3,1),(846,82,122,1,'Spicy','',7,1),(847,32,1,1,'no','',1,1),(848,32,4,1,'no','',1,1),(849,32,10,1,'no','',2,1),(850,32,15,1,'Steamed','',2,1),(851,80,2,1,'no','',1,1),(852,80,5,1,'no','',1,1),(853,80,9,1,'no','',2,1),(854,80,14,1,'no','',2,1),(855,80,17,1,'no','',2,1),(856,80,20,1,'no','',2,1),(857,80,21,1,'no','',2,1),(858,80,51,1,'no','',5,1),(859,80,58,1,'no','',5,1),(860,80,63,1,'Less','',5,1),(861,82,1,1,'no','',1,1),(862,82,4,1,'no','',1,1),(863,82,5,1,'no','',1,1),(864,82,25,1,'no','',3,1),(865,82,27,1,'no','sour',3,1),(866,82,102,1,'Egg','no salt',6,1),(867,82,114,2,'Rice','',6,1),(868,85,8,1,'no','',2,1),(869,85,22,1,'no','',2,1),(870,85,15,1,'Steamed','',2,1),(871,85,19,1,'no','',2,1),(872,85,8,1,'no','',2,1),(873,85,8,1,'no','',2,1),(874,85,10,1,'no','',2,1),(875,85,13,1,'no','',2,1),(876,85,13,2,'no','',2,1),(877,85,3,1,'no','',1,1),(878,85,4,1,'no','',1,1),(879,85,4,1,'no','',1,1),(880,85,38,1,'no','',5,1),(881,85,41,1,'no','',5,1),(882,85,240,1,'no','',10,1),(883,85,243,1,'no','',10,1),(884,85,282,1,'no','',13,1),(885,85,29,1,'no','',4,1),(886,85,32,1,'no','',4,1),(887,85,36,1,'no','',4,1),(888,85,29,1,'no','',4,1),(889,85,32,1,'no','',4,1),(890,85,36,1,'no','',4,1),(891,85,4,1,'no','',1,1),(892,85,4,1,'no','',1,1),(893,85,27,1,'no','',3,1),(894,85,3,1,'no','',1,1),(895,85,4,1,'no','',1,1),(896,85,39,1,'no','',5,1),(897,85,41,1,'no','',5,1),(898,85,43,1,'no','',5,1),(899,85,44,1,'no','',5,1),(900,85,2,1,'no','',1,1),(901,85,2,1,'no','',1,1),(902,85,4,1,'no','',1,1),(903,85,32,1,'no','',4,1),(904,85,30,1,'no','',4,1),(905,85,32,1,'no','',4,1),(906,85,35,1,'no','',4,1),(907,85,32,1,'no','',4,1),(908,85,101,1,'Vermicelli','',6,1),(909,86,2,1,'no','',1,1),(910,86,2,1,'no','',1,1),(911,86,5,1,'no','',1,1),(912,86,29,1,'no','',4,1),(913,86,32,1,'no','',4,1),(914,86,35,1,'no','',4,1),(915,87,2,1,'no','',1,1),(916,87,2,1,'no','',1,1),(917,87,5,1,'no','',1,1),(918,87,29,1,'no','',4,1),(919,87,32,1,'no','',4,1),(920,87,35,1,'no','',4,1),(921,84,322,1,'no','',15,1),(922,84,322,1,'no','',15,1),(923,84,237,1,'no','',10,1),(924,84,97,1,'no','',6,1),(925,84,100,1,'Vermicelli','',6,1),(926,84,313,3,'no','',15,1),(927,84,10,1,'no','',2,1),(928,84,11,1,'no','',2,1),(929,84,16,1,'Fried','',2,1),(930,84,336,1,'no','',18,1),(931,84,339,1,'no','special instruction',18,1),(932,82,4,1,'no','',1,1),(933,82,4,1,'no','',1,1),(934,82,5,1,'no','',1,1),(935,82,5,1,'no','',1,1),(936,82,39,1,'no','',5,1),(937,51,2,1,'no','',1,1),(938,51,2,1,'no','',1,1),(939,51,2,1,'no','',1,1),(940,32,2,1,'no','',1,1),(941,32,4,1,'no','',1,1),(942,32,13,1,'no','',2,1),(943,32,19,1,'no','',2,1),(944,32,21,1,'no','',2,1),(945,32,22,1,'no','',2,1),(946,82,1,1,'no','',1,1),(947,82,4,1,'no','',1,1),(948,82,5,1,'no','',1,1),(949,88,1,1,'no','',1,1),(950,88,3,1,'no','',1,1),(951,88,4,1,'no','',1,1),(952,88,5,1,'no','',1,1),(953,32,2,1,'no','',1,1),(954,32,4,1,'no','',1,1),(955,32,5,1,'no','',1,1),(956,32,3,1,'no','',1,1),(957,32,4,1,'no','',1,1),(958,32,5,1,'no','',1,1),(959,32,12,1,'no','',2,1),(960,32,18,1,'no','',2,1),(961,89,3,1,'no','',1,1),(962,89,12,1,'no','',2,1),(963,89,23,1,'no','',3,1),(964,89,37,1,'no','',4,1),(965,89,84,2,'no','test',5,1),(966,89,101,1,'Rice','test2',6,1),(967,89,114,1,'Mix','',6,1),(968,89,101,1,'Rice','',6,1),(969,89,99,1,'Flat','',6,1),(970,89,122,1,'Medium','',7,1),(971,89,138,1,'no','',8,1),(972,89,148,1,'no','',8,1),(973,89,208,1,'no','',8,1),(974,89,221,1,'no','',9,1),(975,89,238,1,'no','',10,1),(976,89,238,1,'no','',10,1),(977,89,252,1,'no','',11,1),(978,89,272,1,'no','',12,1),(979,89,296,1,'no','',13,1),(980,89,311,1,'no','',14,1),(981,89,324,1,'no','',15,1),(982,89,327,1,'no','',16,1),(983,89,335,1,'no','',17,1),(984,89,339,1,'no','',18,1),(985,32,2,1,'no','',1,1),(986,32,4,1,'no','',1,1),(987,32,27,1,'no','',3,1),(988,32,25,1,'no','',3,1),(989,32,24,1,'no','',3,1),(990,90,2,1,'no','',1,1),(991,90,4,1,'no','',1,1),(992,90,12,1,'no','',2,1),(993,90,12,1,'no','',2,1),(994,90,17,1,'no','',2,1),(995,32,3,1,'no','',1,1),(996,32,5,1,'no','',1,1),(997,32,10,1,'no','',2,1),(998,32,13,1,'no','',2,1),(999,32,16,1,'Steamed','',2,1),(1000,32,16,1,'Steamed','',2,1),(1001,32,17,1,'no','',2,1),(1002,32,3,1,'no','',1,1),(1003,32,5,1,'no','',1,1),(1004,32,12,1,'no','',2,1),(1005,32,19,1,'no','',2,1),(1006,32,21,1,'no','',2,1),(1007,32,22,1,'no','',2,1),(1008,32,22,1,'no','',2,1),(1009,91,2,1,'no','',1,1),(1010,91,4,1,'no','',1,1),(1011,91,32,1,'no','',4,1),(1012,91,30,1,'no','',4,1),(1013,92,8,1,'no','',2,1),(1014,92,103,2,'Flat','fsfs gfd gsgfd',6,1),(1015,92,336,1,'no','',18,1),(1016,93,24,1,'no','',3,1),(1017,93,105,2,'Egg','tsv hdfghs hgsd',6,1),(1018,93,332,1,'no','',17,1),(1019,89,101,2,'Flat','fsadfsadf',6,1),(1020,89,313,1,'no','',15,1),(1021,32,4,1,'no','',1,1),(1022,32,4,1,'no','',1,1),(1023,32,3,1,'no','',1,1),(1024,32,11,1,'no','',2,1),(1025,32,14,1,'no','',2,1),(1026,32,18,1,'no','',2,1),(1027,32,4,1,'no','',1,1),(1028,32,5,1,'no','',1,1),(1029,82,4,1,'no','',1,1),(1030,82,2,1,'no','',1,1),(1031,89,99,3,'Flat','qwerr',6,1),(1032,89,314,1,'no','',15,1),(1033,82,5,1,'no','',1,1),(1034,82,3,1,'no','',1,1),(1035,82,4,1,'no','',1,1),(1036,82,97,1,'no','',6,1),(1037,82,101,2,'Egg','sour',6,1),(1038,82,2,1,'no','',1,1),(1039,82,5,1,'no','',1,1),(1040,82,5,1,'no','sweet',1,1),(1041,82,33,1,'no','',4,1),(1042,82,36,2,'no','salt',4,1),(1043,82,101,1,'Rice','',6,1),(1044,82,3,1,'no','salt',1,1),(1045,82,101,1,'Rice','salt',6,1),(1046,82,110,1,'no','',6,1),(1047,82,116,2,'Egg','sour',6,1),(1048,32,3,1,'no','',1,1),(1049,32,4,1,'no','',1,1),(1050,32,27,1,'no','',3,1),(1051,32,5,1,'no','',1,1),(1052,32,5,1,'no','',1,1),(1053,32,2,1,'no','',1,1),(1054,32,4,1,'no','',1,1),(1055,32,2,1,'no','',1,1),(1056,32,4,1,'no','',1,1),(1057,69,1,1,'no','',1,1),(1058,69,1,1,'no','',1,1),(1059,69,1,1,'no','',1,1),(1060,32,3,1,'no','',1,1),(1061,32,4,1,'no','',1,1),(1062,32,9,1,'no','',2,1),(1063,69,3,1,'no','',1,1),(1064,69,3,1,'no','',1,1),(1065,32,4,1,'no','',1,1),(1066,32,12,1,'no','',2,1),(1067,32,16,1,'Steamed','',2,1),(1068,32,22,1,'no','',2,1),(1069,32,18,2,'no','salt',2,1),(1070,32,2,1,'no','',1,1),(1071,32,4,1,'no','',1,1),(1072,32,12,1,'no','',2,1),(1073,32,2,1,'no','',1,1),(1074,32,4,1,'no','',1,1),(1075,32,8,1,'no','',2,1),(1076,32,3,1,'no','',1,1),(1077,32,4,1,'no','',1,1),(1078,69,3,1,'no','',1,1),(1079,69,3,1,'no','',1,1),(1080,69,3,1,'no','',1,1),(1081,69,3,1,'no','',1,1),(1082,69,3,1,'no','',1,1),(1083,32,3,1,'no','',1,1),(1084,32,4,1,'no','',1,1),(1085,32,2,1,'no','',1,1),(1086,32,2,1,'no','',1,1),(1087,32,4,1,'no','',1,1),(1088,32,2,1,'no','',1,1),(1089,32,4,1,'no','',1,1),(1090,32,3,1,'no','',1,1),(1091,32,4,1,'no','',1,1),(1092,69,1,1,'no','',1,1),(1093,69,1,1,'no','',1,1),(1094,32,2,1,'no','',1,1),(1095,32,5,1,'no','',1,1),(1096,32,4,1,'no','',1,1),(1097,32,3,1,'no','',1,1),(1098,32,4,1,'no','',1,1),(1099,32,3,1,'no','',1,1),(1100,32,4,1,' ','',1,1),(1101,32,3,1,' ','',1,1),(1102,32,4,1,' ','',1,1),(1103,32,3,1,' ','',1,1),(1104,32,2,1,'no','',1,1),(1105,32,5,1,'no','',1,1),(1106,32,32,1,'no','',4,1),(1107,32,35,1,'no','',4,1),(1108,32,2,1,'no','',1,1),(1109,32,4,1,'no','',1,1),(1110,94,1,1,'no','',1,1),(1111,94,3,1,'no','',1,1),(1112,94,4,1,'no','',1,1),(1113,32,2,1,'no','',1,1),(1114,32,4,1,'no','',1,1),(1115,32,5,1,'no','',1,1),(1116,32,19,1,'no','',2,1),(1117,32,21,1,'no','',2,1),(1118,32,22,1,'no','',2,1),(1119,32,12,1,'no','',2,1),(1120,32,16,1,'Steamed','',2,1),(1121,89,95,1,'no','',6,1),(1122,89,99,3,'Mix','fdsa fsafds',6,1),(1123,89,298,1,'no','fdsfsafasfd',14,1),(1124,32,1,1,'no','',1,1),(1125,32,3,1,'no','',1,1),(1126,32,4,1,'no','',1,1),(1127,82,1,1,'no','',1,1),(1128,82,4,1,'no','',1,1),(1129,82,5,1,'no','',1,1),(1130,69,3,1,'no','',1,1),(1131,69,3,1,'no','',1,1),(1132,69,3,1,'no','',1,1),(1133,32,2,1,'no','',1,1),(1134,32,4,1,'no','',1,1),(1135,32,5,1,'no','',1,1),(1136,32,5,1,'no','',1,1),(1137,32,5,1,'no','',1,1),(1138,32,4,1,'no','',1,1),(1139,32,3,1,'no','',1,1),(1140,69,3,1,'no','',1,1),(1141,69,3,1,'no','',1,1),(1142,69,3,1,'no','',1,1),(1143,69,3,1,'no','',1,1),(1144,69,3,1,'no','',1,1),(1145,69,3,1,'no','',1,1),(1146,32,4,1,'no','',1,1),(1147,32,3,1,'no','',1,1),(1148,32,4,1,'no','',1,1),(1149,32,3,1,'no','',1,1),(1150,32,5,1,'no','',1,1),(1151,89,95,1,' ','',6,1),(1152,89,99,3,'Mix','fdsa fsafds',6,1),(1153,89,298,1,' ','fdsfsafasfd',14,1),(1154,32,2,1,' ','',1,1),(1155,32,4,1,' ','',1,1),(1156,32,3,1,'no','',1,1),(1157,32,4,1,'no','',1,1),(1158,32,4,1,'no','',1,1),(1159,32,4,1,'no','',1,1),(1160,32,4,1,'no','',1,1);
/*!40000 ALTER TABLE `order_info` ENABLE KEYS */;
UNLOCK TABLES;

--
-- Table structure for table `order_r`
--

DROP TABLE IF EXISTS `order_r`;
SET @saved_cs_client     = @@character_set_client;
SET character_set_client = utf8;
CREATE TABLE `order_r` (
  `id` int(10) unsigned NOT NULL auto_increment,
  `order_id` int(10) unsigned NOT NULL,
  `orderinfo_id` int(10) unsigned NOT NULL,
  `flag` tinyint(4) default NULL,
  PRIMARY KEY  (`id`)
) ENGINE=InnoDB AUTO_INCREMENT=1214 DEFAULT CHARSET=latin1;
SET character_set_client = @saved_cs_client;

--
-- Dumping data for table `order_r`
--

LOCK TABLES `order_r` WRITE;
/*!40000 ALTER TABLE `order_r` DISABLE KEYS */;
INSERT INTO `order_r` VALUES (1,1,0,1),(2,2,18,1),(3,2,19,1),(4,2,20,1),(5,3,21,1),(6,3,22,1),(7,3,23,1),(8,4,24,1),(9,4,25,1),(10,4,26,1),(11,5,27,1),(12,5,28,1),(13,5,29,1),(14,5,30,1),(15,6,31,1),(16,6,32,1),(17,7,33,1),(18,7,34,1),(19,8,35,1),(20,8,36,1),(21,8,37,1),(22,9,38,1),(23,9,39,1),(24,9,40,1),(25,9,41,1),(26,9,42,1),(27,9,43,1),(28,9,44,1),(29,10,45,1),(30,10,46,1),(31,10,47,1),(32,11,48,1),(33,11,49,1),(34,11,50,1),(35,11,51,1),(36,12,52,1),(37,12,53,1),(38,12,54,1),(39,12,55,1),(40,13,56,1),(41,13,57,1),(42,13,58,1),(43,13,59,1),(44,13,60,1),(45,13,61,1),(46,13,62,1),(47,13,63,1),(48,13,64,1),(49,13,65,1),(50,14,66,1),(51,14,67,1),(52,14,68,1),(53,14,69,1),(54,15,70,1),(55,15,71,1),(56,15,72,1),(57,15,73,1),(58,15,74,1),(59,15,75,1),(60,15,76,1),(61,16,77,1),(62,16,78,1),(63,16,79,1),(64,17,80,1),(65,17,81,1),(66,17,82,1),(67,17,83,1),(68,18,84,1),(69,18,85,1),(70,18,86,1),(71,19,87,1),(72,19,88,1),(73,19,89,1),(74,19,90,1),(75,19,91,1),(76,19,92,1),(77,19,93,1),(78,19,94,1),(79,19,95,1),(80,19,96,1),(81,20,97,1),(82,20,98,1),(83,20,99,1),(84,21,100,1),(85,21,101,1),(86,21,102,1),(87,21,103,1),(88,21,104,1),(89,21,105,1),(90,21,106,1),(91,21,107,1),(92,21,108,1),(93,21,109,1),(94,21,110,1),(95,21,111,1),(96,22,112,1),(97,22,113,1),(98,22,114,1),(99,22,115,1),(100,22,116,1),(101,22,117,1),(102,22,118,1),(103,22,119,1),(104,23,33,1),(105,23,33,1),(106,23,33,1),(107,23,33,1),(108,23,33,1),(109,23,33,1),(110,23,33,1),(111,24,34,1),(112,24,34,1),(113,24,34,1),(114,24,34,1),(115,24,34,1),(116,24,34,1),(117,24,34,1),(118,24,34,1),(119,24,34,1),(120,25,35,1),(121,25,35,1),(122,25,35,1),(123,25,35,1),(124,25,35,1),(125,25,35,1),(126,26,36,1),(127,26,36,1),(128,26,36,1),(129,27,37,1),(130,27,37,1),(131,27,37,1),(132,28,38,1),(133,28,38,1),(134,28,38,1),(135,28,38,1),(136,28,38,1),(137,28,38,1),(138,28,38,1),(139,28,38,1),(140,29,120,1),(141,29,121,1),(142,29,122,1),(143,29,123,1),(144,29,124,1),(145,29,125,1),(146,30,126,1),(147,30,127,1),(148,30,128,1),(149,30,129,1),(150,30,130,1),(151,30,131,1),(152,31,41,1),(153,31,41,1),(154,31,41,1),(155,31,41,1),(156,31,41,1),(157,32,132,1),(158,32,133,1),(159,32,134,1),(160,33,135,1),(161,33,136,1),(162,34,45,1),(163,34,45,1),(164,34,45,1),(165,35,46,1),(166,35,46,1),(167,36,47,1),(168,36,47,1),(169,36,47,1),(170,37,49,1),(171,37,49,1),(172,37,49,1),(173,38,0,1),(174,38,0,1),(175,38,0,1),(176,39,0,1),(177,39,0,1),(178,39,0,1),(179,40,137,1),(180,40,138,1),(181,40,139,1),(182,40,140,1),(183,40,141,1),(184,41,142,1),(185,41,143,1),(186,42,144,1),(187,42,145,1),(188,42,146,1),(189,42,147,1),(190,43,148,1),(191,43,149,1),(192,43,150,1),(193,44,151,1),(194,44,152,1),(195,44,153,1),(196,45,154,1),(197,45,155,1),(198,45,156,1),(199,45,157,1),(200,45,158,1),(201,45,159,1),(202,45,160,1),(203,45,161,1),(204,45,162,1),(205,45,163,1),(206,46,164,1),(207,46,165,1),(208,46,166,1),(209,46,167,1),(210,47,168,1),(211,47,169,1),(212,47,170,1),(213,47,171,1),(214,47,172,1),(215,47,173,1),(216,48,174,1),(217,48,175,1),(218,48,176,1),(219,49,177,1),(220,49,178,1),(221,49,179,1),(222,50,180,1),(223,50,181,1),(224,50,182,1),(225,50,183,1),(226,50,184,1),(227,50,185,1),(228,50,186,1),(229,50,187,1),(230,51,188,1),(231,51,189,1),(232,51,190,1),(233,52,191,1),(234,52,192,1),(235,52,193,1),(236,53,194,1),(237,53,195,1),(238,54,196,1),(239,54,197,1),(240,54,198,1),(241,54,199,1),(242,55,200,1),(243,55,201,1),(244,55,202,1),(245,55,203,1),(246,56,204,1),(247,57,205,1),(248,57,206,1),(249,57,207,1),(250,57,208,1),(251,57,209,1),(252,57,210,1),(253,58,211,1),(254,58,212,1),(255,59,213,1),(256,59,214,1),(257,59,215,1),(258,60,216,1),(259,60,217,1),(260,60,218,1),(261,60,219,1),(262,60,220,1),(263,61,221,1),(264,61,222,1),(265,62,223,1),(266,62,224,1),(267,62,225,1),(268,63,226,1),(269,63,227,1),(270,64,228,1),(271,64,229,1),(272,65,230,1),(273,65,231,1),(274,65,232,1),(275,65,233,1),(276,65,234,1),(277,65,235,1),(278,65,236,1),(279,66,237,1),(280,66,238,1),(281,66,239,1),(282,67,240,1),(283,67,241,1),(284,67,242,1),(285,67,243,1),(286,68,244,1),(287,68,245,1),(288,69,246,1),(289,69,247,1),(290,70,248,1),(291,70,249,1),(292,70,250,1),(293,70,251,1),(294,70,252,1),(295,70,253,1),(296,71,254,1),(297,72,255,1),(298,72,256,1),(299,72,257,1),(300,72,258,1),(301,72,259,1),(302,72,260,1),(303,72,261,1),(304,73,262,1),(305,73,263,1),(306,73,264,1),(307,74,265,1),(308,74,266,1),(309,74,267,1),(310,75,268,1),(311,75,269,1),(312,75,270,1),(313,75,271,1),(314,76,272,1),(315,76,273,1),(316,76,274,1),(317,76,275,1),(318,76,276,1),(319,76,277,1),(320,77,278,1),(321,78,279,1),(322,78,280,1),(323,78,281,1),(324,78,282,1),(325,78,283,1),(326,78,284,1),(327,79,285,1),(328,79,286,1),(329,79,287,1),(330,79,288,1),(331,79,289,1),(332,79,290,1),(333,79,291,1),(334,79,292,1),(335,79,293,1),(336,80,294,1),(337,80,295,1),(338,80,296,1),(339,81,297,1),(340,81,298,1),(341,81,299,1),(342,81,300,1),(343,82,301,1),(344,82,302,1),(345,82,303,1),(346,82,304,1),(347,83,305,1),(348,83,306,1),(349,84,307,1),(350,84,308,1),(351,85,309,1),(352,85,310,1),(353,85,311,1),(354,86,312,1),(355,86,313,1),(356,86,314,1),(357,87,315,1),(358,87,316,1),(359,87,317,1),(360,88,318,1),(361,88,319,1),(362,89,320,1),(363,89,321,1),(364,89,322,1),(365,89,323,1),(366,89,324,1),(367,89,325,1),(368,89,326,1),(369,90,327,1),(370,90,328,1),(371,91,329,1),(372,91,330,1),(373,91,331,1),(374,92,332,1),(375,92,333,1),(376,92,334,1),(377,93,335,1),(378,93,336,1),(379,93,337,1),(380,94,338,1),(381,94,339,1),(382,94,340,1),(383,95,341,1),(384,95,342,1),(385,95,343,1),(386,96,344,1),(387,96,345,1),(388,96,346,1),(389,97,347,1),(390,97,348,1),(391,97,349,1),(392,97,350,1),(393,98,351,1),(394,98,352,1),(395,99,353,1),(396,99,354,1),(397,99,355,1),(398,100,356,1),(399,100,357,1),(400,100,358,1),(401,100,359,1),(402,100,360,1),(403,100,361,1),(404,100,362,1),(405,101,363,1),(406,101,364,1),(407,101,365,1),(408,101,366,1),(409,101,367,1),(410,102,368,1),(411,102,369,1),(412,102,370,1),(413,103,371,1),(414,103,372,1),(415,103,373,1),(416,103,374,1),(417,103,375,1),(418,103,376,1),(419,103,377,1),(420,103,378,1),(421,103,379,1),(422,104,380,1),(423,104,381,1),(424,104,382,1),(425,104,383,1),(426,104,384,1),(427,105,385,1),(428,105,386,1),(429,105,387,1),(430,105,388,1),(431,106,389,1),(432,106,390,1),(433,106,391,1),(434,107,392,1),(435,107,393,1),(436,107,394,1),(437,108,395,1),(438,108,396,1),(439,108,397,1),(440,108,398,1),(441,108,399,1),(442,108,400,1),(443,108,401,1),(444,108,402,1),(445,108,403,1),(446,108,404,1),(447,109,405,1),(448,109,406,1),(449,110,407,1),(450,110,408,1),(451,110,409,1),(452,111,410,1),(453,111,411,1),(454,112,412,1),(455,112,413,1),(456,112,414,1),(457,113,415,1),(458,113,416,1),(459,113,417,1),(460,114,418,1),(461,114,419,1),(462,114,420,1),(463,115,421,1),(464,115,422,1),(465,115,423,1),(466,116,0,1),(467,116,0,1),(468,116,0,1),(469,116,0,1),(470,116,0,1),(471,117,424,1),(472,117,425,1),(473,118,426,1),(474,118,427,1),(475,118,428,1),(476,118,429,1),(477,119,430,1),(478,120,431,1),(479,120,432,1),(480,120,433,1),(481,121,434,1),(482,121,435,1),(483,121,436,1),(484,122,437,1),(485,122,438,1),(486,123,439,1),(487,123,440,1),(488,123,441,1),(489,124,442,1),(490,124,443,1),(491,124,444,1),(492,124,445,1),(493,124,446,1),(494,124,447,1),(495,125,448,1),(496,125,449,1),(497,125,450,1),(498,125,451,1),(499,125,452,1),(500,126,453,1),(501,126,454,1),(502,126,455,1),(503,127,456,1),(504,127,457,1),(505,128,458,1),(506,128,459,1),(507,128,460,1),(508,128,461,1),(509,129,462,1),(510,129,463,1),(511,129,464,1),(512,130,465,1),(513,130,466,1),(514,130,467,1),(515,131,468,1),(516,132,469,1),(517,132,470,1),(518,133,471,1),(519,133,472,1),(520,133,473,1),(521,134,474,1),(522,134,475,1),(523,134,476,1),(524,134,477,1),(525,135,478,1),(526,136,479,1),(527,136,480,1),(528,136,481,1),(529,137,482,1),(530,137,483,1),(531,137,484,1),(532,138,485,1),(533,138,486,1),(534,138,487,1),(535,138,488,1),(536,138,489,1),(537,138,490,1),(538,138,491,1),(539,139,492,1),(540,139,493,1),(541,139,494,1),(542,140,495,1),(543,140,496,1),(544,140,497,1),(545,141,498,1),(546,141,499,1),(547,141,500,1),(548,141,501,1),(549,142,502,1),(550,142,503,1),(551,142,504,1),(552,143,505,1),(553,143,506,1),(554,143,507,1),(555,144,508,1),(556,144,509,1),(557,144,510,1),(558,145,511,1),(559,145,512,1),(560,145,513,1),(561,145,514,1),(562,145,515,1),(563,146,516,1),(564,146,517,1),(565,146,518,1),(566,147,519,1),(567,147,520,1),(568,147,521,1),(569,147,522,1),(570,148,523,1),(571,148,524,1),(572,148,525,1),(573,148,526,1),(574,148,527,1),(575,149,528,1),(576,149,529,1),(577,149,530,1),(578,149,531,1),(579,150,532,1),(580,150,533,1),(581,150,534,1),(582,151,535,1),(583,151,536,1),(584,152,537,1),(585,152,538,1),(586,153,539,1),(587,153,540,1),(588,153,541,1),(589,153,542,1),(590,154,543,1),(591,154,544,1),(592,155,545,1),(593,155,546,1),(594,155,547,1),(595,155,548,1),(596,155,549,1),(597,155,550,1),(598,155,551,1),(599,155,552,1),(600,155,553,1),(601,155,554,1),(602,155,555,1),(603,156,556,1),(604,156,557,1),(605,157,558,1),(606,157,559,1),(607,157,560,1),(608,158,561,1),(609,158,562,1),(610,158,563,1),(611,158,564,1),(612,159,565,1),(613,159,566,1),(614,160,567,1),(615,160,568,1),(616,160,569,1),(617,160,570,1),(618,160,571,1),(619,160,572,1),(620,161,573,1),(621,161,574,1),(622,161,575,1),(623,162,576,1),(624,162,577,1),(625,162,578,1),(626,163,579,1),(627,163,580,1),(628,163,581,1),(629,163,582,1),(630,164,583,1),(631,164,584,1),(632,164,585,1),(633,165,586,1),(634,165,587,1),(635,165,588,1),(636,166,589,1),(637,166,590,1),(638,166,591,1),(639,167,592,1),(640,167,593,1),(641,167,594,1),(642,168,595,1),(643,168,596,1),(644,168,597,1),(645,168,598,1),(646,168,599,1),(647,168,600,1),(648,169,601,1),(649,169,602,1),(650,169,603,1),(651,169,604,1),(652,170,605,1),(653,170,606,1),(654,170,607,1),(655,171,608,1),(656,171,609,1),(657,171,610,1),(658,171,611,1),(659,172,612,1),(660,173,613,1),(661,173,614,1),(662,173,615,1),(663,174,616,1),(664,174,617,1),(665,174,618,1),(666,175,619,1),(667,175,620,1),(668,176,621,1),(669,176,622,1),(670,176,623,1),(671,176,624,1),(672,176,625,1),(673,176,626,1),(674,176,627,1),(675,176,628,1),(676,177,629,1),(677,178,630,1),(678,178,631,1),(679,178,632,1),(680,179,633,1),(681,179,634,1),(682,179,635,1),(683,179,636,1),(684,180,637,1),(685,180,638,1),(686,180,639,1),(687,180,640,1),(688,181,641,1),(689,181,642,1),(690,181,643,1),(691,182,644,1),(692,182,645,1),(693,182,646,1),(694,183,647,1),(695,183,648,1),(696,183,649,1),(697,184,650,1),(698,184,651,1),(699,184,652,1),(700,185,653,1),(701,185,654,1),(702,185,655,1),(703,186,656,1),(704,186,657,1),(705,186,658,1),(706,187,659,1),(707,187,660,1),(708,187,661,1),(709,187,662,1),(710,187,663,1),(711,187,664,1),(712,188,665,1),(713,188,666,1),(714,188,667,1),(715,188,668,1),(716,189,669,1),(717,189,670,1),(718,190,671,1),(719,190,672,1),(720,190,673,1),(721,190,674,1),(722,190,675,1),(723,191,676,1),(724,191,677,1),(725,191,678,1),(726,192,679,1),(727,192,680,1),(728,192,681,1),(729,192,682,1),(730,192,683,1),(731,192,684,1),(732,192,685,1),(733,192,686,1),(734,192,687,1),(735,193,0,1),(736,193,0,1),(737,193,0,1),(738,193,0,1),(739,194,0,1),(740,194,0,1),(741,195,688,1),(742,195,689,1),(743,195,690,1),(744,195,691,1),(745,195,692,1),(746,195,693,1),(747,195,694,1),(748,196,695,1),(749,196,696,1),(750,197,697,1),(751,197,698,1),(752,197,699,1),(753,197,700,1),(754,197,701,1),(755,198,702,1),(756,198,703,1),(757,198,704,1),(758,198,705,1),(759,198,706,1),(760,198,707,1),(761,198,708,1),(762,199,709,1),(763,199,710,1),(764,199,711,1),(765,199,712,1),(766,199,713,1),(767,199,714,1),(768,199,715,1),(769,200,716,1),(770,200,717,1),(771,200,718,1),(772,201,719,1),(773,201,720,1),(774,201,721,1),(775,201,722,1),(776,201,723,1),(777,202,724,1),(778,202,725,1),(779,202,726,1),(780,203,727,1),(781,203,728,1),(782,203,729,1),(783,203,730,1),(784,203,731,1),(785,203,732,1),(786,204,733,1),(787,204,734,1),(788,204,735,1),(789,204,736,1),(790,204,737,1),(791,204,738,1),(792,205,739,1),(793,205,740,1),(794,205,741,1),(795,205,742,1),(796,205,743,1),(797,205,744,1),(798,206,745,1),(799,206,746,1),(800,206,747,1),(801,206,748,1),(802,206,749,1),(803,206,750,1),(804,206,751,1),(805,206,752,1),(806,206,753,1),(807,206,754,1),(808,206,755,1),(809,206,756,1),(810,206,757,1),(811,206,758,1),(812,207,759,1),(813,207,760,1),(814,207,761,1),(815,207,762,1),(816,207,763,1),(817,207,764,1),(818,208,765,1),(819,208,766,1),(820,208,767,1),(821,208,768,1),(822,208,769,1),(823,208,770,1),(824,208,771,1),(825,208,772,1),(826,208,773,1),(827,208,774,1),(828,208,775,1),(829,208,776,1),(830,208,777,1),(831,208,778,1),(832,208,779,1),(833,208,780,1),(834,208,781,1),(835,209,782,1),(836,209,783,1),(837,209,784,1),(838,209,785,1),(839,209,786,1),(840,209,787,1),(841,209,788,1),(842,209,789,1),(843,209,790,1),(844,209,791,1),(845,209,792,1),(846,210,793,1),(847,210,794,1),(848,210,795,1),(849,211,796,1),(850,211,797,1),(851,211,798,1),(852,211,799,1),(853,211,800,1),(854,211,801,1),(855,211,802,1),(856,211,803,1),(857,211,804,1),(858,211,805,1),(859,211,806,1),(860,211,807,1),(861,212,808,1),(862,212,809,1),(863,212,810,1),(864,213,811,1),(865,213,812,1),(866,213,813,1),(867,213,814,1),(868,214,815,1),(869,214,816,1),(870,214,817,1),(871,215,818,1),(872,215,819,1),(873,215,820,1),(874,216,821,1),(875,216,822,1),(876,216,823,1),(877,217,824,1),(878,217,825,1),(879,217,826,1),(880,217,827,1),(881,217,828,1),(882,217,829,1),(883,217,830,1),(884,218,831,1),(885,218,832,1),(886,218,833,1),(887,219,834,1),(888,219,835,1),(889,219,836,1),(890,219,837,1),(891,219,838,1),(892,219,839,1),(893,219,840,1),(894,220,841,1),(895,220,842,1),(896,220,843,1),(897,220,844,1),(898,220,845,1),(899,220,846,1),(900,221,847,1),(901,221,848,1),(902,221,849,1),(903,221,850,1),(904,222,851,1),(905,222,852,1),(906,222,853,1),(907,222,854,1),(908,222,855,1),(909,222,856,1),(910,222,857,1),(911,222,858,1),(912,222,859,1),(913,222,860,1),(914,223,861,1),(915,223,862,1),(916,223,863,1),(917,223,864,1),(918,223,865,1),(919,223,866,1),(920,223,867,1),(921,224,868,1),(922,224,869,1),(923,224,870,1),(924,224,871,1),(925,225,872,1),(926,225,873,1),(927,225,874,1),(928,225,875,1),(929,225,876,1),(930,226,877,1),(931,226,878,1),(932,226,879,1),(933,226,880,1),(934,226,881,1),(935,227,882,1),(936,227,883,1),(937,227,884,1),(938,228,885,1),(939,228,886,1),(940,228,887,1),(941,229,888,1),(942,229,889,1),(943,229,890,1),(944,230,891,1),(945,230,892,1),(946,230,893,1),(947,231,894,1),(948,231,895,1),(949,231,896,1),(950,231,897,1),(951,231,898,1),(952,231,899,1),(953,232,900,1),(954,232,901,1),(955,232,902,1),(956,232,903,1),(957,232,904,1),(958,232,905,1),(959,232,906,1),(960,232,907,1),(961,232,908,1),(962,233,909,1),(963,233,910,1),(964,233,911,1),(965,233,912,1),(966,233,913,1),(967,233,914,1),(968,234,915,1),(969,234,916,1),(970,234,917,1),(971,234,918,1),(972,234,919,1),(973,234,920,1),(974,235,921,1),(975,235,922,1),(976,235,923,1),(977,235,924,1),(978,235,925,1),(979,236,926,1),(980,236,927,1),(981,236,928,1),(982,236,929,1),(983,236,930,1),(984,236,931,1),(985,237,932,1),(986,237,933,1),(987,237,934,1),(988,237,935,1),(989,237,936,1),(990,238,937,1),(991,238,938,1),(992,238,939,1),(993,239,940,1),(994,239,941,1),(995,239,942,1),(996,239,943,1),(997,239,944,1),(998,239,945,1),(999,240,946,1),(1000,240,947,1),(1001,240,948,1),(1002,241,949,1),(1003,241,950,1),(1004,241,951,1),(1005,241,952,1),(1006,242,953,1),(1007,242,954,1),(1008,242,955,1),(1009,243,956,1),(1010,243,957,1),(1011,243,958,1),(1012,243,959,1),(1013,243,960,1),(1014,244,961,1),(1015,244,962,1),(1016,244,963,1),(1017,244,964,1),(1018,244,965,1),(1019,244,966,1),(1020,244,967,1),(1021,244,968,1),(1022,244,969,1),(1023,244,970,1),(1024,244,971,1),(1025,244,972,1),(1026,244,973,1),(1027,244,974,1),(1028,244,975,1),(1029,244,976,1),(1030,244,977,1),(1031,244,978,1),(1032,244,979,1),(1033,244,980,1),(1034,244,981,1),(1035,244,982,1),(1036,244,983,1),(1037,244,984,1),(1038,245,985,1),(1039,245,986,1),(1040,245,987,1),(1041,245,988,1),(1042,245,989,1),(1043,246,990,1),(1044,246,991,1),(1045,246,992,1),(1046,246,993,1),(1047,246,994,1),(1048,247,995,1),(1049,247,996,1),(1050,247,997,1),(1051,247,998,1),(1052,247,999,1),(1053,247,1000,1),(1054,247,1001,1),(1055,248,1002,1),(1056,248,1003,1),(1057,248,1004,1),(1058,248,1005,1),(1059,248,1006,1),(1060,248,1007,1),(1061,248,1008,1),(1062,249,1009,1),(1063,249,1010,1),(1064,249,1011,1),(1065,249,1012,1),(1066,250,1013,1),(1067,250,1014,1),(1068,250,1015,1),(1069,251,1016,1),(1070,251,1017,1),(1071,251,1018,1),(1072,252,1019,1),(1073,252,1020,1),(1074,253,1021,1),(1075,253,1022,1),(1076,253,1023,1),(1077,253,1024,1),(1078,253,1025,1),(1079,253,1026,1),(1080,254,1027,1),(1081,254,1028,1),(1082,255,1029,1),(1083,255,1030,1),(1084,256,1031,1),(1085,256,1032,1),(1086,257,1033,1),(1087,257,1034,1),(1088,257,1035,1),(1089,257,1036,1),(1090,257,1037,1),(1091,258,1038,1),(1092,258,1039,1),(1093,258,1040,1),(1094,258,1041,1),(1095,258,1042,1),(1096,258,1043,1),(1097,259,1044,1),(1098,259,1045,1),(1099,259,1046,1),(1100,259,1047,1),(1101,260,1048,1),(1102,260,1049,1),(1103,260,1050,1),(1104,261,1051,1),(1105,261,1052,1),(1106,262,1053,1),(1107,262,1054,1),(1108,263,1055,1),(1109,263,1056,1),(1110,264,1057,1),(1111,264,1058,1),(1112,264,1059,1),(1113,265,1060,1),(1114,265,1061,1),(1115,265,1062,1),(1116,266,1063,1),(1117,266,1064,1),(1118,267,1065,1),(1119,267,1066,1),(1120,267,1067,1),(1121,267,1068,1),(1122,267,1069,1),(1123,268,1070,1),(1124,268,1071,1),(1125,268,1072,1),(1126,269,1073,1),(1127,269,1074,1),(1128,269,1075,1),(1129,270,1076,1),(1130,270,1077,1),(1131,271,1078,1),(1132,271,1079,1),(1133,271,1080,1),(1134,271,1081,1),(1135,271,1082,1),(1136,272,1083,1),(1137,272,1084,1),(1138,272,1085,1),(1139,273,1086,1),(1140,273,1087,1),(1141,274,1088,1),(1142,274,1089,1),(1143,275,1090,1),(1144,275,1091,1),(1145,276,1092,1),(1146,276,1093,1),(1147,277,1094,1),(1148,277,1095,1),(1149,278,1096,1),(1150,278,1097,1),(1151,278,1098,1),(1152,278,1099,1),(1153,279,1100,1),(1154,279,1101,1),(1155,279,1102,1),(1156,279,1103,1),(1157,280,1104,1),(1158,280,1105,1),(1159,280,1106,1),(1160,280,1107,1),(1161,281,1108,1),(1162,281,1109,1),(1163,282,1110,1),(1164,282,1111,1),(1165,282,1112,1),(1166,283,1113,1),(1167,283,1114,1),(1168,283,1115,1),(1169,283,1116,1),(1170,283,1117,1),(1171,283,1118,1),(1172,283,1119,1),(1173,283,1120,1),(1174,284,1121,1),(1175,284,1122,1),(1176,284,1123,1),(1177,285,1124,1),(1178,285,1125,1),(1179,285,1126,1),(1180,286,1127,1),(1181,286,1128,1),(1182,286,1129,1),(1183,287,1130,1),(1184,287,1131,1),(1185,287,1132,1),(1186,288,1133,1),(1187,288,1134,1),(1188,289,1135,1),(1189,289,1136,1),(1190,289,1137,1),(1191,290,1138,1),(1192,290,1139,1),(1193,291,1140,1),(1194,291,1141,1),(1195,291,1142,1),(1196,292,1143,1),(1197,292,1144,1),(1198,292,1145,1),(1199,293,1146,1),(1200,293,1147,1),(1201,293,1148,1),(1202,294,1149,1),(1203,294,1150,1),(1204,295,1151,1),(1205,295,1152,1),(1206,295,1153,1),(1207,296,1154,1),(1208,296,1155,1),(1209,297,1156,1),(1210,297,1157,1),(1211,298,1158,1),(1212,298,1159,1),(1213,298,1160,1);
/*!40000 ALTER TABLE `order_r` ENABLE KEYS */;
UNLOCK TABLES;

--
-- Table structure for table `order_r_detail`
--

DROP TABLE IF EXISTS `order_r_detail`;
SET @saved_cs_client     = @@character_set_client;
SET character_set_client = utf8;
CREATE TABLE `order_r_detail` (
  `id` int(10) unsigned NOT NULL auto_increment,
  `order_r_id` int(10) unsigned NOT NULL,
  `tips` float(6,2) default '0.00',
  `total_value` float(6,2) default '0.00',
  `tax` float(6,2) default '0.00',
  `all_value` float(6,2) default '0.00',
  `user_ip` varchar(128) default NULL,
  `flag` tinyint(4) default '1',
  `user_id` int(10) unsigned NOT NULL,
  `addtime` datetime NOT NULL,
  `tempaddress` varchar(256) default '',
  `deliverytimetype` varchar(128) default '',
  `deliverytimedetail` datetime default NULL,
  `user_note` varchar(512) default '',
  `deliveryvalue` float(6,2) default '0.00',
  PRIMARY KEY  (`id`)
) ENGINE=InnoDB AUTO_INCREMENT=240 DEFAULT CHARSET=latin1;
SET character_set_client = @saved_cs_client;

--
-- Dumping data for table `order_r_detail`
--

LOCK TABLES `order_r_detail` WRITE;
/*!40000 ALTER TABLE `order_r_detail` DISABLE KEYS */;
INSERT INTO `order_r_detail` VALUES (1,3,15.00,22.90,2.29,25.19,'222.64.150.235',1,16,'0000-00-00 00:00:00','','',NULL,'',0.00),(2,4,2.00,33.40,3.34,36.74,'222.64.150.235',1,17,'0000-00-00 00:00:00','','',NULL,'',0.00),(3,5,15.00,28.90,2.89,31.79,'222.64.150.235',1,13,'0000-00-00 00:00:00','','',NULL,'',0.00),(4,6,3.00,20.90,2.09,25.99,'116.228.6.98',2,14,'0000-00-00 00:00:00','','',NULL,'',0.00),(5,7,6.00,19.90,1.99,27.89,'116.228.6.98',1,15,'2009-12-21 12:16:39','','',NULL,'',0.00),(6,9,5.00,53.60,5.36,63.96,'123.55.150.91',1,17,'2009-12-22 03:20:52','','',NULL,'',0.00),(7,10,4.00,30.65,3.06,37.71,'116.228.6.98',3,19,'2009-12-23 01:04:01','','',NULL,'',0.00),(8,11,5.00,25.90,2.59,33.49,'116.228.6.98',3,20,'2009-12-23 03:07:28','','',NULL,'',0.00),(9,12,6.00,37.90,3.79,47.69,'116.228.6.98',2,21,'2009-12-23 03:16:04','','',NULL,'',0.00),(10,13,10.00,91.40,9.14,110.54,'123.55.134.181',2,22,'2009-12-23 03:24:03','','',NULL,'',0.00),(11,14,1.00,29.85,2.98,35.84,'116.228.6.98',1,23,'2009-12-23 04:40:19','','',NULL,'',0.00),(12,15,10.00,99.35,9.94,121.29,'222.89.97.165',3,24,'2009-12-23 05:08:39','','',NULL,'',0.00),(13,16,10.00,33.40,3.34,48.74,'222.89.97.165',1,25,'2009-12-23 05:10:20','','',NULL,'',0.00),(14,17,5.00,47.60,4.76,59.36,'116.228.6.98',1,26,'2009-12-23 05:17:47','','',NULL,'',0.00),(15,19,10.00,92.20,9.22,113.42,'222.89.100.111',1,28,'2009-12-24 12:13:04','','',NULL,'',0.00),(16,20,10.00,24.40,2.44,38.84,'222.89.100.111',1,29,'2009-12-24 12:54:39','','',NULL,'',0.00),(17,21,5.00,72.85,7.29,87.14,'222.89.100.111',1,30,'2009-12-24 01:02:05','','',NULL,'',0.00),(18,22,10.00,60.15,6.02,78.17,'222.89.100.111',1,31,'2009-12-24 01:20:53','','',NULL,'',0.00),(19,29,10.00,37.25,3.73,52.98,'123.163.137.96',1,39,'2009-12-25 08:28:46','','',NULL,'',0.00),(20,32,1.00,34.40,3.44,40.84,'58.38.138.236',2,42,'2009-12-26 09:28:14','','',NULL,'',0.00),(21,33,3.00,19.90,1.99,26.89,'58.38.138.236',1,43,'2009-12-26 09:37:30','','',NULL,'',0.00),(22,38,1.00,29.85,2.98,35.84,'58.38.138.236',1,44,'2009-12-27 04:08:08','','',NULL,'',0.00),(23,39,10.00,24.40,2.44,38.84,'123.55.133.35',1,32,'2009-12-28 02:11:19','','',NULL,'',0.00),(24,40,20.00,49.75,4.98,76.73,'222.89.102.156',1,32,'2009-12-28 05:02:04','','',NULL,'',0.00),(25,41,3.00,37.80,3.78,46.58,'67.237.172.173',1,50,'2009-12-29 12:43:24','','',NULL,'',0.00),(26,42,10.00,30.90,3.09,45.99,'123.55.148.170',1,52,'2009-12-29 11:15:30','','',NULL,'',0.00),(27,43,1.00,24.40,2.44,29.84,'116.228.6.98',1,51,'2009-12-29 09:40:13','','',NULL,'',0.00),(28,45,20.00,113.60,11.36,146.96,'222.89.122.138',1,32,'2009-12-29 10:53:24','','',NULL,'',0.00),(29,46,20.00,70.20,7.02,99.22,'222.89.122.138',1,32,'2009-12-29 11:02:31','','',NULL,'',0.00),(30,47,20.00,154.45,15.45,191.89,'222.89.122.138',1,32,'2009-12-30 02:45:03','','',NULL,'',0.00),(31,48,20.00,79.60,7.96,109.56,'222.89.122.138',1,32,'2009-12-30 03:13:54','','',NULL,'',0.00),(32,49,1.00,33.40,3.34,39.74,'116.228.6.98',1,51,'2009-12-30 03:22:18','','',NULL,'',0.00),(33,50,20.00,139.15,13.91,175.06,'222.89.122.138',1,32,'2009-12-30 03:28:38','','',NULL,'',0.00),(34,51,1.00,34.40,3.44,40.84,'116.228.6.98',1,51,'2009-12-30 03:31:08','','',NULL,'',0.00),(35,52,2.00,53.75,5.38,63.12,'116.228.6.98',1,51,'2009-12-30 03:35:12','','',NULL,'',0.00),(36,53,20.00,18.95,1.90,42.84,'222.89.122.138',1,54,'2009-12-30 03:36:18','','',NULL,'',0.00),(37,54,1.00,19.80,1.98,24.78,'116.228.6.98',1,55,'2009-12-30 04:07:37','','',NULL,'',0.00),(38,55,20.00,90.65,9.07,121.71,'123.55.150.35',1,32,'2009-12-30 06:51:42','','',NULL,'',0.00),(39,56,9.00,29.85,2.98,43.84,'222.89.100.69',1,32,'2009-12-30 08:16:46','','',NULL,'',0.00),(40,59,20.00,22.40,2.24,46.64,'123.55.133.200',1,32,'2009-12-31 12:07:47','','',NULL,'',0.00),(41,67,3.00,17.85,1.78,24.63,'58.38.137.194',0,51,'2010-01-08 09:29:51','','futdeli','2010-01-15 17:00:00','',0.00),(42,68,2.00,20.90,2.09,26.99,'58.38.142.171',0,51,'2010-01-08 10:09:44','','futdeli','0001-00-00 00:00:00','',0.00),(43,69,2.00,18.90,1.89,24.79,'58.38.142.171',0,51,'2010-01-08 10:20:28','qqqq','futdeli','2010-01-22 16:00:00','',0.00),(44,70,3.00,52.80,5.28,63.08,'72.209.194.146',0,58,'2010-01-08 10:28:27','##takeout##','futdeli','0000-00-00 00:00:00','',0.00),(45,72,20.00,177.80,17.78,217.58,'123.55.150.14',1,32,'2010-01-13 07:53:53','','asap','2010-01-13 07:53:53','',0.00),(46,73,1.00,26.85,2.69,32.53,'116.228.6.98',1,51,'2010-01-13 08:52:50','','futdeli','2010-01-22 13:30:00','',0.00),(47,74,7.00,26.85,2.69,38.53,'116.228.6.98',1,51,'2010-01-13 09:01:54','','asap','2010-01-13 09:01:54','',0.00),(48,75,20.00,21.75,2.18,45.93,'123.55.146.114',1,32,'2010-01-13 10:26:38','','asap','2010-01-13 10:26:38','',0.00),(49,76,10.00,92.60,9.26,113.86,'123.55.146.114',1,32,'2010-01-13 11:13:58','','asap','2010-01-13 11:13:58','',0.00),(50,77,15.00,40.50,4.05,61.55,'123.55.146.114',1,32,'2010-01-14 12:11:19','','futdeli','2010-01-14 20:00:00','',0.00),(51,78,10.00,44.30,4.43,60.73,'123.55.146.43',1,32,'2010-01-14 04:18:25','','asap','2010-01-14 04:18:25','',0.00),(52,79,10.00,147.00,14.70,173.70,'123.55.148.130',1,32,'2010-01-14 10:32:03','','asap','2010-01-14 10:32:03','',0.00),(53,80,10.00,32.40,3.24,47.64,'123.55.148.130',1,32,'2010-01-14 02:00:35','','futdeli','2010-01-16 21:30:00','',0.00),(54,81,10.00,50.35,5.04,67.38,'123.55.146.160',1,32,'2010-01-14 09:48:43','','futdeli','2010-01-15 20:30:00','',0.00),(55,82,10.00,74.70,7.47,94.17,'123.163.151.29',1,32,'2010-01-15 08:57:15','','futdeli','2010-01-17 12:00:00','',0.00),(56,83,12.00,17.90,1.79,33.69,'58.38.135.148',1,51,'2010-01-15 22:38:26','','futdeli','2010-01-21 02:30:00','',0.00),(57,84,2.00,17.90,1.79,23.69,'58.38.135.148',1,51,'2010-01-15 22:45:06','','asap','2010-01-15 22:45:06','',0.00),(58,85,2.00,33.40,3.34,40.74,'58.38.135.148',1,51,'2010-01-15 22:50:15','','futdeli','2010-01-19 13:45:00','',0.00),(59,86,1.00,27.85,2.79,33.63,'58.38.135.148',1,51,'2010-01-15 22:56:14','','asap','2010-01-15 22:56:14','',0.00),(60,87,2.00,26.85,2.69,33.53,'58.38.135.148',1,51,'2010-01-15 22:57:20','','asap','2010-01-15 22:57:20','',0.00),(61,88,3.00,23.90,2.39,31.29,'58.38.135.148',1,51,'2010-01-15 23:15:40','','asap','2010-01-15 23:15:40','',0.00),(62,90,2.00,21.90,2.19,28.09,'58.38.135.148',1,51,'2010-01-16 00:35:34','','asap','2010-01-16 00:35:34','',0.00),(63,92,2.00,29.85,2.98,36.84,'58.38.135.148',1,51,'2010-01-16 03:15:37','','asap','2010-01-16 03:15:37','something',0.00),(64,93,2.00,37.85,3.78,45.63,'58.38.135.148',1,51,'2010-01-16 04:26:42','','asap','2010-01-16 04:26:42','sdfdf',0.00),(65,94,3.00,44.80,4.48,54.28,'58.38.135.148',1,51,'2010-01-16 04:36:29','','asap','2010-01-16 04:36:29','bbvv',0.00),(66,95,2.00,34.85,3.48,42.33,'58.38.135.148',1,51,'2010-01-16 04:39:20','','asap','2010-01-16 04:39:20','gsfdfdf',0.00),(67,96,12.00,33.40,3.34,50.74,'58.38.135.148',1,51,'2010-01-16 05:16:02','','asap','2010-01-16 05:16:02','ffff',0.00),(68,97,3.00,46.35,4.63,55.98,'58.38.135.148',1,60,'2010-01-16 05:18:31','##takeout##','asap','2010-01-16 05:18:31','',0.00),(69,98,3.00,17.90,1.79,24.69,'58.38.135.148',1,61,'2010-01-16 05:21:06','##takeout##','asap','2010-01-16 05:21:06','',0.00),(70,99,2.00,28.85,2.88,35.73,'58.38.135.148',1,51,'2010-01-16 05:31:58','','asap','2010-01-16 05:31:58','adsd',0.00),(71,100,15.00,101.55,10.16,128.71,'123.163.137.138',1,32,'2010-01-16 06:05:49','','futdeli','2010-01-17 09:15:00','',0.00),(72,101,10.00,71.85,7.18,91.03,'123.163.137.138',1,32,'2010-01-16 06:09:05','','asap','2010-01-16 06:09:05','I am happy',0.00),(73,102,10.00,33.40,3.34,48.74,'123.163.137.138',1,32,'2010-01-16 07:26:02','','futdeli','2010-01-17 10:15:00','adsl',0.00),(74,103,10.00,125.00,12.50,149.50,'123.163.137.138',1,32,'2010-01-16 07:51:47','','futdeli','2010-01-17 11:45:00','I am bad',0.00),(75,104,10.00,25.40,2.54,39.94,'222.89.97.144',1,32,'2010-01-16 11:48:05','','asap','2010-01-16 11:48:05','take out',0.00),(76,105,10.00,40.90,4.09,56.99,'123.55.146.46',1,32,'2010-01-16 21:45:53','','asap','2010-01-16 21:45:53','take out',0.00),(77,108,10.00,122.15,12.21,146.36,'123.55.151.251',1,32,'2010-01-17 01:09:00','','asap','2010-01-17 01:09:00','adjl',0.00),(78,110,2.00,34.40,3.44,41.84,'222.64.145.83',1,51,'2010-01-17 01:28:50','','asap','2010-01-17 01:28:50','sfddf',0.00),(79,111,2.00,17.90,1.79,23.69,'222.64.145.83',1,51,'2010-01-17 01:41:41','','asap','2010-01-17 01:41:41','',0.00),(80,113,2.00,28.85,2.88,35.73,'222.64.145.83',1,51,'2010-01-17 01:48:16','','asap','2010-01-17 01:48:16','sdfd',0.00),(81,114,2.00,29.85,2.98,36.84,'222.64.145.83',1,51,'2010-01-17 01:56:59','','futdeli','2010-01-22 17:15:00','sfgsf',0.00),(82,115,10.00,25.40,2.54,39.94,'123.55.151.251',1,32,'2010-01-17 01:59:16','','futdeli','2010-01-17 11:00:00','',0.00),(83,117,10.00,24.45,2.45,38.89,'123.55.151.251',1,32,'2010-01-17 03:42:06','','asap','2010-01-17 03:42:06','',0.00),(84,118,8.00,26.35,2.64,38.99,'123.55.151.251',1,32,'2010-01-17 05:12:33','','asap','2010-01-17 05:12:33','',0.00),(85,120,3.00,31.85,3.19,40.03,'222.64.145.83',1,51,'2010-01-17 05:15:23','','asap','2010-01-17 05:15:23','adsd',0.00),(86,121,4.00,26.85,2.69,35.53,'222.64.145.83',1,51,'2010-01-17 05:16:01','','futdeli','2010-01-21 05:30:00','wre',0.00),(87,122,4.00,18.90,1.89,26.79,'222.64.145.83',1,51,'2010-01-17 05:17:09','','futdeli','2010-01-29 16:15:00','sddsfdf',0.00),(88,123,4.00,26.85,2.69,35.53,'222.64.145.83',1,51,'2010-01-17 05:19:00','','futdeli','2010-01-20 14:45:00','qew',0.00),(89,124,5.00,100.20,10.02,117.22,'123.163.151.32',1,32,'2010-01-17 06:52:03','','futdeli','2010-01-18 22:00:00','I am free',0.00),(90,127,5.00,20.90,2.54,46.94,'123.163.151.32',1,32,'2010-01-17 07:20:05','','asap','2010-01-17 07:20:05','',0.00),(91,128,8.00,26.35,2.64,48.99,'123.163.151.32',1,32,'2010-01-17 07:21:34','','asap','2010-01-17 07:21:34','letter from mymenudrawer',0.00),(92,129,0.00,36.40,4.09,58.99,'123.163.151.32',1,32,'2010-01-17 07:26:33','','asap','2010-01-17 07:26:33','letter from mymenudrawer',0.00),(93,130,0.00,36.40,4.09,60.99,'222.89.97.147',1,32,'2010-01-17 18:56:15','','asap','2010-01-17 18:56:15','',0.00),(94,132,10.00,26.45,2.65,41.10,'123.55.134.109',1,62,'2010-01-17 22:11:10','','asap','2010-01-17 22:11:10','',0.00),(95,137,6.00,36.40,4.09,68.99,'123.55.134.109',1,32,'2010-01-18 06:03:48','','asap','2010-01-18 06:03:48','take out',0.00),(96,138,20.00,77.75,7.78,107.53,'123.55.134.109',1,32,'2010-01-18 09:01:46','','futdeli','2010-01-19 20:45:00','\r\no am busy very',0.00),(97,139,10.00,55.30,5.53,72.83,'123.55.134.109',1,32,'2010-01-18 09:12:16','','futdeli','2010-01-18 20:30:00','agreement',0.00),(98,140,10.00,55.30,5.53,72.83,'123.55.134.109',1,32,'2010-01-18 09:16:57','','futdeli','2010-01-18 20:30:00','agreement',0.00),(99,141,7.00,43.35,4.34,56.68,'222.89.97.244',1,65,'2010-01-18 18:12:11','##takeout##','asap','2010-01-18 18:12:11','',0.00),(100,142,8.00,37.85,3.78,51.63,'222.89.97.244',1,32,'2010-01-18 18:21:06','','asap','2010-01-18 18:21:06','',0.00),(101,143,2.00,27.85,2.79,34.63,'116.228.6.98',1,51,'2010-01-18 20:28:03','','futdeli','2010-01-20 15:15:00','tttt',0.00),(102,144,2.00,28.85,2.88,35.73,'116.228.6.98',1,51,'2010-01-18 20:33:00','','asap','2010-01-18 20:33:00','dfdf',0.00),(103,145,10.00,36.30,3.63,51.93,'123.55.133.168',1,32,'2010-01-18 22:50:29','','futdeli','2010-01-19 20:30:00','twi',0.00),(104,146,8.00,31.40,3.14,44.54,'123.55.150.177',1,32,'2010-01-19 01:09:20','','futdeli','2010-01-19 21:15:00','',0.00),(105,151,10.00,72.00,7.20,91.20,'123.55.150.177',1,32,'2010-01-19 02:24:17','','asap','2010-01-19 02:24:17','',0.00),(106,152,10.00,72.00,7.20,103.20,'123.55.150.177',1,32,'2010-01-19 02:33:22','','asap','2010-01-19 02:33:22','',0.00),(107,153,2.00,35.80,3.58,43.38,'116.228.6.98',1,51,'2010-01-19 02:34:35','','asap','2010-01-19 02:34:35','dfdf',0.00),(108,154,10.00,72.00,7.20,103.20,'123.55.150.177',1,32,'2010-01-19 02:37:49','','asap','2010-01-19 02:37:49','',0.00),(109,155,10.00,72.55,7.26,91.81,'123.55.150.177',1,32,'2010-01-19 04:24:15','','asap','2010-01-19 04:24:15','',0.00),(110,156,9.00,20.75,2.08,33.82,'123.55.150.177',1,32,'2010-01-19 05:16:55','','asap','2010-01-19 05:16:55','',0.00),(111,157,10.00,33.40,3.34,48.74,'123.55.150.177',1,32,'2010-01-19 05:23:19','','asap','2010-01-19 05:23:19','',0.00),(112,158,8.00,17.80,1.78,29.58,'123.55.150.177',1,32,'2010-01-19 05:24:10','','futdeli','2010-01-19 21:30:00','',0.00),(113,159,7.00,19.75,1.98,30.73,'123.55.150.177',1,32,'2010-01-19 05:26:12','','futdeli','2010-01-19 20:00:00','',0.00),(114,160,8.00,36.60,3.66,50.26,'123.55.150.177',1,32,'2010-01-19 05:27:48','','futdeli','2010-01-19 21:00:00','',0.00),(115,161,10.00,29.85,2.99,44.84,'123.163.151.189',1,32,'2010-01-19 22:53:37','','futdeli','2010-01-20 09:00:00','',0.00),(116,162,5.00,31.85,3.19,42.04,'123.163.151.189',1,32,'2010-01-19 23:04:06','','asap','2010-01-19 23:04:06','',0.00),(117,163,0.00,32.80,3.28,38.08,'72.209.194.146',1,66,'2010-01-20 22:09:10','##takeout##','asap','2010-01-20 22:09:10','',0.00),(118,164,2.00,26.85,2.69,33.53,'116.228.6.98',1,68,'2010-01-21 05:31:17','','asap','2010-01-21 05:31:17','',0.00),(119,165,2.00,26.85,2.69,33.53,'116.228.6.98',1,68,'2010-01-21 05:33:53','','asap','2010-01-21 05:33:53','',0.00),(120,166,2.00,26.85,2.69,33.53,'116.228.6.98',1,68,'2010-01-21 05:36:18','','asap','2010-01-21 05:36:18','',0.00),(121,167,2.00,26.85,2.69,33.53,'116.228.6.98',1,68,'2010-01-21 05:36:43','','asap','2010-01-21 05:36:43','',0.00),(122,168,8.00,68.80,6.88,85.68,'123.163.151.11',1,32,'2010-01-21 06:44:38','','asap','2010-01-21 06:44:38','',0.00),(123,169,8.00,68.25,6.83,85.08,'123.55.148.176',1,32,'2010-01-21 19:15:28','','asap','2010-01-21 19:15:28','',0.00),(124,170,2.00,26.85,2.69,33.53,'116.228.6.98',1,69,'2010-01-21 20:03:40','','futdeli','2010-01-20 15:15:00','gfgfgfg',0.00),(125,171,9.00,36.80,3.68,51.48,'123.55.133.183',1,32,'2010-01-21 22:24:57','','asap','2010-01-21 22:24:57','',0.00),(126,172,9.00,59.70,5.97,76.67,'123.55.133.183',1,70,'2010-01-21 22:32:58','','asap','2010-01-21 22:32:58','',0.00),(127,173,2.00,26.85,2.69,33.53,'116.228.6.98',1,69,'2010-01-22 00:57:20','','asap','2010-01-22 00:57:20','trtr',0.00),(128,174,2.00,26.85,2.69,33.53,'116.228.6.98',1,69,'2010-01-22 00:58:19','','asap','2010-01-22 00:58:19','trtr',0.00),(129,175,2.00,17.90,1.79,23.69,'116.228.6.98',1,69,'2010-01-22 01:12:09','','asap','2010-01-22 01:12:09','dfd',0.00),(130,176,9.00,37.15,3.72,51.87,'123.55.151.76',1,32,'2010-01-22 07:29:46','','asap','2010-01-22 07:29:46','',0.00),(131,177,9.00,44.75,4.48,60.23,'222.89.100.250',1,32,'2010-01-22 22:41:02','','asap','2010-01-22 22:41:02','',0.00),(132,178,2.00,19.85,1.98,25.83,'68.98.129.12',1,71,'2010-01-22 23:29:05','##takeout##','asap','2010-01-22 23:29:05','',0.00),(133,179,9.00,71.90,7.19,90.09,'222.89.100.250',1,32,'2010-01-23 01:28:30','','asap','2010-01-23 01:28:30','',0.00),(134,180,9.00,43.35,4.34,58.68,'222.89.100.250',1,32,'2010-01-23 01:33:46','','asap','2010-01-23 01:33:46','',0.00),(135,181,2.00,26.85,2.69,33.53,'58.38.131.215',1,51,'2010-01-23 01:34:09','','asap','2010-01-23 01:34:09','adsds',0.00),(136,182,0.00,27.85,2.79,32.63,'58.38.131.215',1,51,'2010-01-23 03:58:35','','asap','2010-01-23 03:58:35','',0.00),(137,183,0.00,26.85,2.69,31.53,'58.38.131.215',1,51,'2010-01-23 04:17:18','','asap','2010-01-23 04:17:18','',0.00),(138,184,0.00,26.85,2.69,31.53,'58.38.131.215',1,51,'2010-01-23 04:22:50','','asap','2010-01-23 04:22:50','',0.00),(139,185,0.00,26.85,2.69,31.53,'58.38.131.215',1,51,'2010-01-23 04:24:33','','asap','2010-01-23 04:24:33','',0.00),(140,186,0.00,26.85,2.69,31.53,'58.38.131.215',1,51,'2010-01-23 04:25:35','','asap','2010-01-23 04:25:35','',0.00),(141,187,8.00,62.25,6.23,78.48,'222.89.100.250',1,32,'2010-01-23 05:08:29','','futdeli','2010-01-23 10:00:00','',0.00),(142,188,8.00,41.80,4.18,55.98,'222.89.100.250',1,32,'2010-01-23 05:12:57','','futdeli','2010-01-23 22:00:00','',0.00),(143,189,8.00,26.45,2.65,39.10,'123.55.150.195',1,32,'2010-01-23 06:39:24','','futdeli','2010-00-00 00:00:00','',0.00),(144,190,9.00,29.30,2.93,43.23,'123.55.150.195',1,32,'2010-01-23 08:59:58','','asap','2010-01-23 08:59:58','VBSCRIPT',0.00),(145,191,2.00,17.40,1.74,23.14,'68.98.129.12',1,72,'2010-01-23 11:33:41','##takeout##','asap','2010-01-23 11:33:41','',0.00),(146,192,9.00,86.10,8.61,105.71,'222.89.97.193',1,32,'2010-01-23 19:29:45','','futdeli','2010-01-24 21:00:00','',0.00),(147,195,8.00,71.20,7.12,88.32,'123.55.146.124',1,73,'2010-01-24 05:04:54','##takeout##','asap','2010-01-24 05:04:54','',0.00),(148,196,2.00,20.90,2.09,26.99,'58.38.134.114',1,69,'2010-01-24 05:28:40','','futdeli','2010-01-29 22:00:00','dfd',0.00),(149,197,8.00,42.30,4.23,56.53,'123.55.146.124',1,32,'2010-01-24 06:03:04','','futdeli','2010-01-25 21:30:00','',0.00),(150,198,9.00,68.65,6.87,86.52,'123.163.151.98',1,70,'2010-01-24 08:04:17','','futdeli','2010-01-25 21:00:00','',0.00),(151,199,10.00,51.20,5.12,68.32,'222.89.102.243',1,74,'2010-01-24 20:15:15','##takeout##','futdeli','2010-01-26 21:00:00','',0.00),(152,200,2.00,26.85,2.69,33.53,'116.228.6.98',1,75,'2010-01-24 20:16:07','##takeout##','futdeli','2010-01-27 21:15:00','',0.00),(153,201,6.00,46.35,4.64,58.99,'222.89.102.243',1,32,'2010-01-24 20:33:56','','asap','2010-01-24 20:33:56','',0.00),(154,202,2.00,32.85,3.28,40.13,'116.228.6.98',1,69,'2010-01-24 20:45:47','','asap','2010-01-24 20:45:47','fdf',0.00),(155,203,6.00,46.65,4.67,59.32,'222.89.97.204',1,76,'2010-01-24 21:31:48','##takeout##','futdeli','2010-01-26 11:00:00','',0.00),(156,204,6.00,46.65,4.67,59.32,'222.89.97.204',1,77,'2010-01-24 21:31:51','##takeout##','futdeli','2010-01-26 11:00:00','',0.00),(157,205,8.00,72.25,7.23,89.48,'123.163.151.120',1,32,'2010-01-24 21:39:55','','asap','2010-01-24 21:39:55','',0.00),(158,206,8.00,138.40,13.84,162.24,'123.55.148.189',1,32,'2010-01-24 22:06:12','','asap','2010-01-24 22:06:12','',0.00),(159,207,9.00,54.35,5.44,70.79,'123.55.148.189',1,32,'2010-01-24 22:15:24','','asap','2010-01-24 22:15:24','kjh',0.00),(160,208,9.00,119.25,11.93,142.18,'123.55.148.189',1,32,'2010-01-24 22:36:01','','futdeli','2010-01-26 22:45:00','',0.00),(161,209,8.00,77.10,7.71,94.81,'222.89.122.21',1,32,'2010-01-25 07:06:11','','futdeli','2010-01-25 21:15:00','u.s.e',0.00),(162,210,3.00,30.85,3.08,38.93,'116.228.6.98',1,78,'2010-01-26 20:20:40','','asap','2010-01-26 20:20:40','fgfg',0.00),(163,211,10.00,79.45,7.95,99.40,'222.89.100.34',1,81,'2010-01-27 21:08:25','','futdeli','2010-01-29 22:00:00','',0.00),(164,212,9.00,28.80,2.88,42.68,'222.89.100.34',1,82,'2010-01-27 22:06:40','','asap','2010-01-27 22:06:40','first entire order',0.00),(165,214,9.00,37.95,3.80,52.75,'123.55.146.47',1,82,'2010-01-27 23:22:21','','asap','2010-01-27 23:22:21','',0.00),(166,215,3.00,22.40,2.24,29.64,'67.237.172.173',1,84,'2010-01-27 23:33:44','','asap','2010-01-27 23:33:44','',0.00),(167,216,2.50,29.85,2.98,37.34,'116.228.6.98',1,69,'2010-01-28 02:43:52','','asap','2010-01-28 02:43:52','hgh',0.00),(168,217,4.43,74.15,7.42,88.00,'123.55.146.47',1,82,'2010-01-28 04:11:50','','futdeli','2010-01-29 21:30:00','perfect order!',0.00),(169,218,2.06,35.40,3.54,43.00,'123.55.146.47',1,82,'2010-01-28 04:26:58','','asap','2010-01-28 04:26:58','',0.00),(170,219,7.98,43.65,4.37,58.00,'123.55.146.47',1,82,'2010-01-28 05:39:06','','asap','2010-01-28 05:39:06','change',0.00),(171,220,8.00,44.25,4.43,58.68,'123.55.146.47',1,82,'2010-01-28 05:50:43','','asap','2010-01-28 05:50:43','',0.00),(172,221,5.42,27.80,2.78,38.00,'123.55.148.185',1,32,'2010-01-28 11:25:53','','futdeli','2010-01-30 21:45:00','perfect order',0.00),(173,222,5.58,72.20,7.22,87.00,'123.55.148.185',1,80,'2010-01-28 11:32:54','','asap','2010-01-28 11:32:54','good',0.00),(174,223,3.21,74.35,7.44,85.00,'222.89.122.96',1,82,'2010-01-28 22:16:06','','futdeli','2010-01-30 23:45:00','change first order',0.00),(175,224,4.21,18.35,1.84,24.40,'123.55.151.177',1,85,'2010-01-29 01:18:51','','futdeli','0000-00-00 00:00:00','',0.00),(176,225,4.00,23.70,2.37,30.07,'123.55.151.177',1,85,'2010-01-29 01:31:21','','futdeli','2010-01-30 23:45:00','',0.00),(177,226,4.00,51.75,5.18,60.93,'123.55.151.177',1,85,'2010-01-29 01:53:52','','futdeli','2010-01-29 21:00:00','',0.00),(178,227,1.68,21.20,2.12,25.00,'123.55.151.177',1,85,'2010-01-29 02:02:16','','futdeli','2010-01-31 10:00:00','',0.00),(179,228,0.00,24.40,2.44,26.84,'123.55.151.177',1,85,'2010-01-29 02:05:33','','futdeli','2010-02-04 20:00:00','',0.00),(180,229,0.00,24.40,2.44,26.84,'123.55.151.177',1,85,'2010-01-29 02:06:13','','futdeli','2010-02-04 20:00:00','',0.00),(181,230,0.00,25.85,2.59,28.44,'123.55.151.177',1,85,'2010-01-29 02:08:18','','futdeli','2010-03-03 09:00:00','',0.00),(182,231,0.00,58.25,5.83,64.08,'123.55.151.177',1,85,'2010-01-29 02:15:32','','futdeli','2010-02-03 12:00:00','',0.00),(183,232,7.88,74.65,7.47,90.00,'123.55.151.177',1,85,'2010-01-29 02:34:34','','futdeli','2010-02-06 09:00:00','',0.00),(184,233,0.82,53.80,5.38,60.00,'123.55.151.177',1,86,'2010-01-29 03:46:27','##takeout##','futdeli','2010-02-01 08:00:00','',0.00),(185,234,0.82,53.80,5.38,60.00,'123.55.151.177',1,87,'2010-01-29 03:52:36','##takeout##','futdeli','2010-02-01 08:00:00','',0.00),(186,235,0.00,41.30,4.13,45.43,'68.98.129.12',1,84,'2010-01-30 00:55:06','','asap','2010-01-30 00:55:06','',0.00),(187,236,0.00,43.90,4.39,48.29,'72.209.194.146',1,84,'2010-01-30 02:05:32','','asap','2010-01-30 02:05:32','',0.00),(188,237,1.37,57.85,5.79,65.00,'123.55.146.104',1,82,'2010-01-30 04:22:44','','asap','2010-01-30 04:22:44','',0.00),(189,238,2.00,26.85,2.69,31.53,'58.38.136.88',1,51,'2010-01-30 04:36:31','','asap','2010-01-30 04:36:31','dfdf',0.00),(190,239,1.83,39.25,3.93,45.00,'123.55.146.104',1,32,'2010-01-30 07:08:50','','futdeli','0000-00-00 00:00:00','Safari',0.00),(191,240,8.00,33.40,3.34,44.74,'123.55.146.104',1,82,'2010-01-30 07:28:29','','futdeli','0000-00-00 00:00:00','',0.00),(192,241,2.32,43.35,4.34,50.00,'222.89.100.104',1,88,'2010-01-30 20:16:19','##takeout##','futdeli','2010-02-01 09:00:00','',0.00),(193,242,8.00,33.40,3.34,44.74,'123.163.137.105',1,32,'2010-02-03 01:00:58','','futdeli','0000-00-00 00:00:00','12PM',0.00),(194,243,1.27,44.30,4.43,50.00,'222.89.102.183',1,32,'2010-02-04 12:56:46','','futdeli','2010-02-05 11:00:00','less',0.00),(195,245,1.57,31.30,3.13,36.00,'123.163.137.235',1,32,'2010-02-07 02:23:37','','asap','2010-02-07 02:23:37','',0.00),(196,246,2.87,33.75,3.38,40.00,'123.163.137.235',1,90,'2010-02-07 02:25:25','##takeout##','asap','2010-02-07 02:25:25','',0.00),(197,247,8.00,44.30,4.43,56.73,'123.55.151.248',1,32,'2010-02-07 07:36:08','','asap','2010-02-07 07:36:08','opera',0.00),(198,248,5.77,49.30,4.93,60.00,'222.89.100.183',1,32,'2010-02-07 07:57:29','','asap','2010-02-07 07:57:29','',0.00),(199,249,8.00,31.35,3.14,42.49,'123.55.146.243',1,91,'2010-02-07 08:55:04','','asap','2010-02-07 08:55:04','',0.00),(200,250,2.34,25.85,2.59,30.78,'72.209.194.146',1,92,'2010-02-07 14:39:36','##takeout##','asap','2010-02-07 14:39:36','',0.00),(201,251,2.34,36.35,3.64,42.32,'72.209.194.146',1,93,'2010-02-07 21:30:39','##takeout##','asap','2010-02-07 21:30:39','',0.00),(202,253,9.00,44.70,4.47,58.17,'123.55.134.186',1,32,'2010-02-07 22:22:23','','asap','2010-02-07 22:22:23','',0.00),(203,254,8.00,24.45,2.45,34.90,'123.55.134.186',1,32,'2010-02-07 22:31:55','','asap','2010-02-07 22:31:55','',0.00),(204,255,8.00,19.90,1.99,29.89,'123.55.134.186',1,82,'2010-02-07 23:20:38','','asap','2010-02-07 23:20:38','',0.00),(205,257,6.41,66.90,6.69,80.00,'123.163.137.14',1,82,'2010-02-08 01:27:39','','futdeli','2010-02-09 23:00:00','new',0.00),(206,258,8.00,80.30,8.03,96.33,'123.163.137.14',1,82,'2010-02-08 01:50:13','','futdeli','2010-02-09 21:00:00','',0.00),(207,259,4.96,46.40,4.64,56.00,'123.163.137.14',1,82,'2010-02-08 01:53:41','','asap','2010-02-08 01:53:41','right',0.00),(208,260,8.00,24.85,2.49,35.33,'123.163.137.14',1,32,'2010-02-08 04:47:54','','asap','2010-02-08 04:47:54','',0.00),(209,261,0.30,27.00,2.70,30.00,'222.89.97.31',1,32,'2010-02-08 05:14:41','','asap','2010-02-08 05:14:41','print?',0.00),(210,262,7.00,19.90,1.99,28.89,'123.55.146.22',1,32,'2010-02-08 22:24:02','','asap','2010-02-08 22:24:02','phone is wrong',0.00),(211,265,8.00,26.90,2.69,37.59,'123.55.146.22',1,32,'2010-02-08 22:57:06','','asap','2010-02-08 22:57:06','',0.00),(212,267,0.62,35.80,3.58,40.00,'123.55.146.22',1,32,'2010-02-08 23:04:18','','asap','2010-02-08 23:04:18','place print?',0.00),(213,268,8.00,24.85,2.49,35.33,'123.55.146.22',1,32,'2010-02-08 23:13:00','','asap','2010-02-08 23:13:00','',0.00),(214,269,0.00,23.85,2.39,26.24,'123.55.146.22',1,32,'2010-02-08 23:22:48','','asap','2010-02-08 23:22:48','no tips have html',0.00),(215,270,2.01,20.90,2.09,25.00,'123.55.146.22',1,32,'2010-02-08 23:45:16','','futdeli','2010-02-09 10:00:00','print work?',0.00),(216,271,2.00,49.75,4.98,56.73,'116.228.6.98',1,69,'2010-02-09 00:01:19','','asap','2010-02-09 00:01:19','',0.00),(217,272,2.16,29.85,2.99,35.00,'123.55.146.22',1,32,'2010-02-09 00:03:38','','asap','2010-02-09 00:03:38','unit?',0.00),(218,273,3.11,19.90,1.99,25.00,'123.55.146.22',1,32,'2010-02-09 00:16:05','','asap','2010-02-09 00:16:05','hand',0.00),(219,274,3.11,19.90,1.99,25.00,'123.55.146.22',1,32,'2010-02-09 00:49:54','','asap','2010-02-09 00:49:54','hand',0.00),(220,276,2.00,17.90,1.79,21.69,'116.228.6.98',1,69,'2010-02-09 02:53:48','','asap','2010-02-09 02:53:48','lll',0.00),(221,278,4.02,41.80,4.18,50.00,'123.55.146.22',1,32,'2010-02-09 03:14:14','','asap','2010-02-09 03:14:14','',0.00),(222,279,8.00,41.80,4.18,58.00,'123.55.146.22',1,32,'2010-02-09 03:23:29','','asap','2010-02-09 03:23:29','',0.00),(223,281,2.11,19.90,1.99,24.00,'123.55.146.22',1,32,'2010-02-09 06:51:23','','asap','2010-02-09 06:51:23','',0.00),(224,282,7.16,29.85,2.99,40.00,'123.163.151.192',1,94,'2010-02-09 11:14:50','##takeout##','asap','2010-02-09 11:14:50','',0.00),(225,284,2.34,44.05,4.41,50.80,'128.143.10.16',1,89,'2010-02-09 11:53:57','','asap','2010-02-09 11:53:57','testy note',0.00),(226,285,8.00,29.85,2.99,40.84,'222.89.102.241',1,32,'2010-02-09 12:07:26','','futdeli','2010-02-11 21:00:00','',0.00),(227,286,0.00,33.40,3.34,36.74,'222.89.102.241',1,82,'2010-02-09 12:13:54','','asap','2010-02-09 12:13:54','',0.00),(228,287,0.00,29.85,2.98,32.84,'116.228.6.98',1,69,'2010-02-10 02:14:33','','futdeli','2010-02-19 15:00:00','',0.00),(229,288,8.11,19.90,1.99,30.00,'123.55.134.55',1,32,'2010-02-10 02:28:51','','futdeli','2010-02-09 12:00:00','bad future time',0.00),(230,289,0.00,40.50,4.05,44.55,'123.55.134.55',1,32,'2010-02-10 02:31:08','','futdeli','2010-02-08 11:00:00','',0.00),(231,290,0.00,20.90,2.09,22.99,'123.55.134.55',1,32,'2010-02-10 02:40:45','','futdeli','2010-02-02 01:00:00','',0.00),(232,291,0.00,29.85,2.98,32.84,'116.228.6.98',1,69,'2010-02-10 02:41:23','','futdeli','2010-02-19 11:00:00','',0.00),(233,292,0.00,29.85,2.98,32.84,'116.228.6.98',1,69,'2010-02-10 02:41:55','','asap','2010-02-10 02:41:55','',0.00),(234,293,4.96,31.85,3.19,40.00,'123.55.134.55',1,32,'2010-02-10 02:42:26','','futdeli','2010-02-09 11:45:00','',0.00),(235,294,0.00,23.45,2.35,25.79,'123.55.134.55',1,32,'2010-02-10 02:49:09','','futdeli','2010-02-03 01:00:00','',0.00),(236,295,2.56,44.05,4.41,51.02,'72.209.194.146',1,89,'2010-02-10 22:26:07','','asap','2010-02-10 22:26:07','reorder',0.00),(237,296,10.00,19.90,1.99,31.89,'222.89.100.84',1,32,'2010-02-10 23:02:26','','asap','2010-02-10 23:02:26','',0.00),(238,297,7.01,20.90,2.09,30.00,'222.89.100.84',1,32,'2010-02-10 23:35:35','','asap','2010-02-10 23:35:35','',0.00),(239,298,0.00,32.85,3.28,36.13,'222.89.102.214',1,32,'2010-02-12 05:32:46','','asap','2010-02-12 05:32:46','',0.00);
/*!40000 ALTER TABLE `order_r_detail` ENABLE KEYS */;
UNLOCK TABLES;

--
-- Table structure for table `refer_stat`
--

DROP TABLE IF EXISTS `refer_stat`;
SET @saved_cs_client     = @@character_set_client;
SET character_set_client = utf8;
CREATE TABLE `refer_stat` (
  `id` bigint(20) unsigned NOT NULL auto_increment,
  `refer_url` varchar(1024) default '',
  `addtime` datetime NOT NULL,
  PRIMARY KEY  (`id`)
) ENGINE=MyISAM AUTO_INCREMENT=13 DEFAULT CHARSET=latin1;
SET character_set_client = @saved_cs_client;

--
-- Dumping data for table `refer_stat`
--

LOCK TABLES `refer_stat` WRITE;
/*!40000 ALTER TABLE `refer_stat` DISABLE KEYS */;
INSERT INTO `refer_stat` VALUES (1,'http://ndssun.ee.virginia.edu/~huoshan/singaporebistro/order_food.php','2010-01-24 22:34:15'),(2,'http://ndssun.ee.virginia.edu/~huoshan/singaporebistro/regist.php','2010-01-24 22:34:23'),(3,'http://ndssun.ee.virginia.edu/~huoshan/singaporebistro/regist.php','2010-01-24 22:34:28'),(4,'http://ndssun.ee.virginia.edu/~huoshan/singaporebistro/regist.php','2010-01-24 22:34:31'),(5,'http://ndssun.ee.virginia.edu/~huoshan/singaporebistro/regist.php','2010-01-24 22:35:32'),(6,'http://ndssun.ee.virginia.edu/~huoshan/singaporebistro/regist.php','2010-01-24 22:35:44'),(7,'http://ndssun.ee.virginia.edu/~huoshan/singaporebistro/regist.php','2010-01-24 22:36:13'),(8,'http://ndssun.ee.virginia.edu/~huoshan/singaporebistro/regist.php','2010-01-24 22:36:53'),(9,'http://ndssun.ee.virginia.edu/~huoshan/singaporebistro/regist.php','2010-01-24 22:37:05'),(10,'http://ndssun.ee.virginia.edu/~huoshan/singaporebistro/confirm_list.php','2010-01-24 22:37:40'),(11,'http://ndssun.ee.virginia.edu/~huoshan/singaporebistro/regist.php','2010-01-24 22:38:06'),(12,'http://ndssun.ee.virginia.edu/~huoshan/singaporebistro/regist.php','2010-01-24 22:38:24');
/*!40000 ALTER TABLE `refer_stat` ENABLE KEYS */;
UNLOCK TABLES;

--
-- Table structure for table `user_info`
--

DROP TABLE IF EXISTS `user_info`;
SET @saved_cs_client     = @@character_set_client;
SET character_set_client = utf8;
CREATE TABLE `user_info` (
  `user_id` int(10) unsigned NOT NULL auto_increment COMMENT '',
  `firstname` varchar(64) NOT NULL,
  `lastname` varchar(64) NOT NULL,
  `address` varchar(512) NOT NULL,
  `unit` varchar(64) default '',
  `city` varchar(64) default '',
  `state` varchar(8) default '',
  `zip` varchar(32) default '',
  `ucross` varchar(64) default '',
  `phone` varchar(32) default '',
  `email` varchar(128) default NULL,
  `password` varchar(32) default '',
  `displayname` varchar(128) default '',
  `loginname` varchar(128) default NULL,
  `adddate` datetime NOT NULL COMMENT '',
  `cellphone` varchar(10) default '',
  `ext` varchar(10) default '',
  `randomnum` varchar(32) default NULL COMMENT '',
  `activestat` int(11) default '0' COMMENT '0. 1.',
  `resetpass_num` varchar(32) default NULL COMMENT '',
  PRIMARY KEY  (`user_id`)
) ENGINE=InnoDB AUTO_INCREMENT=95 DEFAULT CHARSET=latin1;
SET character_set_client = @saved_cs_client;

--
-- Dumping data for table `user_info`
--

LOCK TABLES `user_info` WRITE;
/*!40000 ALTER TABLE `user_info` DISABLE KEYS */;
INSERT INTO `user_info` VALUES (1,'cai','chuan','aaaaaaa','','','','','','',NULL,'','',NULL,'2009-11-07 02:34:38','','','',0,''),(2,'Gary','Li','1234 16th st nw, apt 406','','','','','','',NULL,'','',NULL,'2009-11-19 10:50:35','','','',0,''),(3,'gary','Li','351 McCormick Rd, ECE Dept','','','','','','',NULL,'','',NULL,'2009-12-07 12:38:51','','','',0,''),(4,'cai','chuan','shanghai.uet.tud115','','','','','','',NULL,'','',NULL,'2009-12-12 03:14:21','','','',0,''),(5,'gary','Li','1234 16th st nw, apt 406','','','','','','',NULL,'','',NULL,'2009-12-14 01:30:44','','','',0,''),(6,'cai','chuan','shanghai','','','','','','',NULL,'','',NULL,'2009-12-19 00:31:46','','','',0,''),(7,'cai4','chuan','shanghai','','','','','','',NULL,'','',NULL,'2009-12-19 00:36:24','','','',0,''),(8,'cai5','chuan','shanghai','','','','','','',NULL,'','',NULL,'2009-12-19 00:37:29','','','',0,''),(9,'cai10','chuan','shanghai.uet.tud115','','','','','','',NULL,'','',NULL,'2009-12-19 03:45:29','','','',0,''),(10,'cai11','chuan','shanghai.uet.tud.485','','','','','','',NULL,'','',NULL,'2009-12-19 05:42:47','','','',0,''),(11,'cai16','chuan','shanghai.uet.tud.485','','','','','','',NULL,'','',NULL,'2009-12-19 05:47:28','','','',0,''),(12,'cai17','chuan','shanghai.uet.tud.485','','','','','','',NULL,'','',NULL,'2009-12-19 05:52:54','','','',0,''),(13,'ddf','dsf','shanghai.uet.tud115','','','','','','',NULL,'','',NULL,'2009-12-19 06:09:45','','','',0,''),(14,'cai18','chuan','shanghai18','','','','','','',NULL,'','',NULL,'2009-12-20 10:14:34','','','',0,''),(15,'cai19','chuan','shanghai19','','','','','','',NULL,'','',NULL,'2009-12-21 12:16:39','','','',0,''),(16,'kumadan','Lee','kaifeng jiefangl 53#','','','','','','',NULL,'','',NULL,'2009-12-22 03:15:13','','','',0,''),(17,'kumadan','Lee','11#','','','','','','',NULL,'','',NULL,'2009-12-22 03:20:52','','','',0,''),(18,'ert','ert','ert','Suite','sdfdsf','AZ','3432','sdfsdf','334343','cai@163.com','e10adc3949ba59abbe56e057f20f883e','','rte','2009-12-22 05:00:44','','','',1,''),(19,'cai20','chuan','shanghai20','','','','','','',NULL,'','',NULL,'2009-12-23 01:04:01','','','',0,''),(20,'cai21','chuan','shanghai','','','','','','',NULL,'','',NULL,'2009-12-23 03:07:28','','','',0,''),(21,'cai22','chuan','shanghai22','','','','','','',NULL,'','',NULL,'2009-12-23 03:16:04','','','',0,''),(22,'kumadan','Lee','jiefang street  11#','','','','','','',NULL,'','',NULL,'2009-12-23 03:24:03','','','',0,''),(23,'cai22','chuan','shanghai22','','','','','','',NULL,'','',NULL,'2009-12-23 04:40:19','','','',0,''),(24,'kmd','Lee','ff  53#','','','','','','',NULL,'','',NULL,'2009-12-23 05:08:39','','','',0,''),(25,'kmd','Lee','33','','','','','','',NULL,'','',NULL,'2009-12-23 05:10:20','','','',0,''),(26,'cai23','chuan','shanghai23','','','','','','',NULL,'','',NULL,'2009-12-23 05:17:47','','','',0,''),(27,'hgh','tryty','sfdgfdgf','','','','','','',NULL,'','',NULL,'2009-12-23 08:33:57','','','',0,''),(28,'kmd','le','11','','','','','','',NULL,'','',NULL,'2009-12-24 12:13:04','','','',0,''),(29,'kmd','lee','88#','','','','','','',NULL,'','',NULL,'2009-12-24 12:54:39','','','',0,''),(30,'Jake','andelu','laodonglu  66#','','','','','','',NULL,'','',NULL,'2009-12-24 01:02:05','','','',0,''),(31,'fff','zhang','88#','','','','','','',NULL,'','',NULL,'2009-12-24 01:20:53','','','',0,''),(32,'kumadan','lee','Zhongshanlu 53#','9494','Wasington','DC','11865','DuPont Circle','(202)921-4148','lfq.614@163.com','c80df02580d9093af1ad70025545229f','','kumadan','2009-12-24 01:49:37','2024221991','628','',1,''),(33,'','','Zhongshanlu 53#','','','','','','',NULL,'','',NULL,'2009-12-24 01:52:32','','','',0,''),(34,'','','Zhongshanlu 53#','','','','','','',NULL,'','',NULL,'2009-12-24 09:39:17','','','',0,''),(35,'','','Zhongshanlu 53#','','','','','','',NULL,'','',NULL,'2009-12-24 10:54:52','','','',0,''),(36,'','','Zhongshanlu 53#','','','','','','',NULL,'','',NULL,'2009-12-24 11:05:13','','','',0,''),(37,'','','Zhongshanlu 53#','','','','','','',NULL,'','',NULL,'2009-12-24 11:07:50','','','',0,''),(38,'','','Zhongshanlu 53#','','','','','','',NULL,'','',NULL,'2009-12-24 11:22:07','','','',0,''),(39,'kmd','lee','88#','','','','','','',NULL,'','',NULL,'2009-12-25 08:28:46','','','',0,''),(40,'gary','li','1234 16th st nw, apt 406','','','','','','',NULL,'','',NULL,'2009-12-25 08:30:44','','','',0,''),(41,'','','Zhongshanlu 53#','','','','','','',NULL,'','',NULL,'2009-12-26 10:14:40','','','',0,''),(42,'sdfasf','asdfa','ewrererw343','','','','','','',NULL,'','',NULL,'2009-12-26 09:28:14','','','',0,''),(43,'qqq','aaaaaa','qqqqqwwwww','','','','','','',NULL,'','',NULL,'2009-12-26 09:37:30','','','',0,''),(44,'cai35','chuan','shanghai','apt','dsf','AR','1234445','safd','2123213','cai@126.com','e10adc3949ba59abbe56e057f20f883e','','cai35','2009-12-27 01:06:51','','','',1,''),(45,'','','shanghai','','','','','','',NULL,'','',NULL,'2009-12-27 01:10:45','','','',0,''),(46,'','','shanghai','','','','','','',NULL,'','',NULL,'2009-12-27 02:28:13','','','',0,''),(47,'','','shanghai','','','','','','',NULL,'','',NULL,'2009-12-27 02:31:27','','','',0,''),(48,'cai36','chuan','shanghai36','unit','shanghai','HI','445454','dfjd','676764','cai@126.com','e10adc3949ba59abbe56e057f20f883e','','cai36','2009-12-27 03:01:57','','','',1,''),(49,'','','shanghai36','','','','','','',NULL,'','',NULL,'2009-12-27 03:02:22','','','',0,''),(50,'gary','li','1234 16th st nw, apt 406','','','','','','',NULL,'','',NULL,'2009-12-29 12:43:24','','','',0,''),(51,'cai38','asdfa','adf','adsfd','af','AL','1234445','sadfasf','1234567890','cai@126.com','e10adc3949ba59abbe56e057f20f883e','','cai38','2009-12-29 10:53:59','','456','',1,''),(52,'kumadan','lee','kf 22','','','','','','',NULL,'','',NULL,'2009-12-29 11:15:30','','','',0,''),(53,'cai39','chuan','shanghai39','','','','','','',NULL,'','',NULL,'2009-12-29 09:46:36','','','',0,''),(54,'fff','le','kaifeng  88#','','','','','','03782869683',NULL,'','',NULL,'2009-12-30 03:36:18','1359214528','','',0,''),(55,'qwqewe','qweqwew','qweqeqwewqewqe','','','','','','1234567890',NULL,'','',NULL,'2009-12-30 04:07:37','','123','',0,''),(56,'gary','li','1234 16th st nw, apt 406','','','','','','202-659-3641',NULL,'','',NULL,'2009-12-30 11:08:33','','','',0,''),(57,'gary','li','1234 16th st nw, apt 406','','','','','','202-203-0231',NULL,'','',NULL,'2009-12-31 12:06:18','','','',0,''),(58,'gary','li','1234 16th st nw, apt 406','','','','','','202-659-3641',NULL,'','',NULL,'2010-01-08 10:28:27','','','',0,''),(59,'gary','li','1234 16th st nw, apt 406','','','','','','202-203-0231',NULL,'','',NULL,'2010-01-16 00:42:25','202-203-02','','',0,''),(60,'cai99','chuan','shanghai.uet.tud116','','','','','','1234567899',NULL,'','',NULL,'2010-01-16 05:18:31','9874563215','876','',0,''),(61,'dg','dfg','dfg','','','','','','1234567890',NULL,'','',NULL,'2010-01-16 05:21:06','1234567899','23','',0,''),(62,'ffapple','liu','kong 66#','Virginia','dc','AL','78649','rose','1234567890','lfq.614@hotmail.com','c80df02580d9093af1ad70025545229f','','ffapple','2010-01-17 22:08:25','','','',1,''),(63,'Test','Test','Tianjin','Tianjin','Tianjin','AL','30000','Tianjin','','mail@msn.com','e10adc3949ba59abbe56e057f20f883e','','Test','2010-01-17 22:14:18','1333333333','','',1,''),(64,'User','User','Tianjin','Tianjin','Tianjin','AL','30000','Tianjin','','mail@msn.com','e10adc3949ba59abbe56e057f20f883e','','User','2010-01-17 22:18:28','1333333333','','',1,''),(65,'kumadan','lee','77','','','','','','324',NULL,'','',NULL,'2010-01-18 18:12:11','','','',0,''),(66,'gary','li','1234 16th st nw, apt 406','','','','','','202-203-0231',NULL,'','',NULL,'2010-01-20 22:09:10','202-203-02','','',0,''),(67,'chuan','cai51','shanghai51','apt','shanghai','AL','23434','shanhai croos','1234567890','cai_chuan@126.com','e10adc3949ba59abbe56e057f20f883e','','cai51','2010-01-21 02:49:09','','343','a2408f00c1eae988e519447892af1608',1,''),(68,'chuan','cai53','shanghai 53','apt','shanghai','AL','34343','sdfdfd','1234567890','cai_chuan@126.com','e10adc3949ba59abbe56e057f20f883e','','cai53','2010-01-21 05:09:04','','343','8ba754593a65f5b68efedf72fda19d57',1,''),(69,'chuan','cai55','shanghai55','aptt','shanghai','AL','4564','shanghai cross','(202)456-7890','cai_chuan@126.com','c33367701511b4f6020ec61ded352059','','cai55','2010-01-21 19:56:46','','554','97fb5259444b649b6474d69d0e7d1eb6',1,'00654a881316987ea3fbbdb0edf10054'),(70,'kupple','Lee','apple 53#','8','Washington','DC','22747','klm','1234567890','lfq.614@163.com','52d541ac653c6883c4e5831b1c4e56a4','','kupple','2010-01-21 21:19:11','','','4975fd3c9b5f5b2e9657172796214700',1,'df459010238d59f86a93a4edf4efbb84'),(71,'gary','li','1234 19th','','','','','','',NULL,'','',NULL,'2010-01-22 23:29:05','','','',0,''),(72,'Cyn','Snow','1134 16th st nw','','','','','','2022030231',NULL,'','',NULL,'2010-01-23 11:33:41','2022030231','','',0,''),(73,'tom','liu','88#','','','','','','1234567890',NULL,'','',NULL,'2010-01-24 05:04:54','','','',0,''),(74,'john','Smith','ff  77#','','','','','','1359214146',NULL,'','',NULL,'2010-01-24 20:15:15','','','',0,''),(75,'kaka','fengjt','sdfdf','','','','','','1234567895',NULL,'','',NULL,'2010-01-24 20:16:07','','678','',0,''),(76,'kumda','Smith','88','','','','','','1234678905',NULL,'','',NULL,'2010-01-24 21:31:48','','','',0,''),(77,'kumda','Smith','88','','','','','','1234678905',NULL,'','',NULL,'2010-01-24 21:31:51','','','',0,''),(78,'chuan','cai58','shanghai58','','shanghai','AL','20564','','(202)567-4324','cai_chuan@126.com','e10adc3949ba59abbe56e057f20f883e','','cai58','2010-01-26 20:17:30','','','d8e4d52d2cbc9dcfcb0020f150473a9c',1,''),(79,'kmd','Smith','Grand 77','','Washington','DC','20010','','(202)422-1994','lfq.614@163.com','c80df02580d9093af1ad70025545229f','','kmd','2010-01-27 00:27:47','','','03aa638e564098d041830e314111e564',1,''),(80,'tom','Smith','secrit  66','','Wasington','DC','20020','','(202)422-1889','lfq.614@163.com','c80df02580d9093af1ad70025545229f','','Tom','2010-01-27 12:24:10','','','b0465f4e560ec10ca3ec7fd25d30cdf2',1,''),(81,'ffapple66','lotus','raid 88','','Wasington','AL','20019','','(202)422-1889','lfq.614@163.com','c80df02580d9093af1ad70025545229f','','ffapple66','2010-01-27 20:57:13','1308388950','376','11054c97fb834f3e95889641aed12610',1,''),(82,'ffton','makufu','20th St NW','315','Washington','DC','20020','Dupont Circle','(202)422-1885','lfq.614@163.com','397716f51db9f2519b0a1b9fa0fce598','','ffton','2010-01-27 21:49:15','2024221889','316','f1eb4bdcd89481d6313fd40df9e2b06d',1,''),(83,'Grace','Jin','1156 19th St NW','','Washington','DC','20036','M St','(202)203-0231','j527530@hotmail.com','553e83ca69693b33ef73958c04b7a315','','gracejin','2010-01-27 22:58:39','','','ba79c7e1f1c444a0f3bd14217a9e0ff7',0,''),(84,'Lucy','Li','1168 19th St NW','','Washington','DC','20005','','(202)203-0231','garyli@virginia.edu','553e83ca69693b33ef73958c04b7a315','','lucy','2010-01-27 23:04:58','','','727c732620443596b3c0759eadffcc6e',1,''),(85,'ffapple7626','jazz','20th St NW','666','Wasington','AL','20020','guol','(202)422-1804','lfq.614@163.com','a6192ff202371e55f3f223ff330acc09','','ffapple7626','2010-01-29 00:41:58','1359214148','777','2295afbc514606c6509c48e43bf7b25c',1,''),(86,'kmd','zhang','lotus 77','','','','','','1320123458',NULL,'','',NULL,'2010-01-29 03:46:27','1308388239','911','',0,''),(87,'kmd','zhang','lotus 77','','','','','','1320123458',NULL,'','',NULL,'2010-01-29 03:52:36','1308388239','911','',0,''),(88,'Facebook6','Smith','lll 66','','','','','','1234567890',NULL,'','',NULL,'2010-01-30 20:16:19','1234567890','Ext 777','',0,''),(89,'Cynthia','Li','1134 19th St NW','','Washington','DC','20036','','(202)422-1991','zmgli@hotmail.com','553e83ca69693b33ef73958c04b7a315','','cyn','2010-02-05 20:12:24','','','91610436ac84b9e4bac000a208f5bb23',1,''),(90,'cshu','kmd','kk 77','','','','','','',NULL,'','',NULL,'2010-02-07 02:25:25','2024221885','','',0,''),(91,'fff','kny','gg 77','','wasington','AK','22603','','(222)422-1775','lfq.614@163.com','c80df02580d9093af1ad70025545229f','','fff','2010-02-07 08:52:23','','','3eba26633d29219d8d6e92fcce93203c',1,''),(92,'G','Li','1234 16th st nw, apt 406','','','','','','202-659-3641',NULL,'','',NULL,'2010-02-07 14:39:36','','','',0,''),(93,'G','Li','1234 16th st nw, apt 406','','','','','','202-659-3641',NULL,'','',NULL,'2010-02-07 21:30:39','','','',0,''),(94,'julia','hjk','88','','','','','','',NULL,'','',NULL,'2010-02-09 11:14:50','2225446879','','',0,'');
/*!40000 ALTER TABLE `user_info` ENABLE KEYS */;
UNLOCK TABLES;
/*!40103 SET TIME_ZONE=@OLD_TIME_ZONE */;

/*!40101 SET SQL_MODE=@OLD_SQL_MODE */;
/*!40014 SET FOREIGN_KEY_CHECKS=@OLD_FOREIGN_KEY_CHECKS */;
/*!40014 SET UNIQUE_CHECKS=@OLD_UNIQUE_CHECKS */;
/*!40101 SET CHARACTER_SET_CLIENT=@OLD_CHARACTER_SET_CLIENT */;
/*!40101 SET CHARACTER_SET_RESULTS=@OLD_CHARACTER_SET_RESULTS */;
/*!40101 SET COLLATION_CONNECTION=@OLD_COLLATION_CONNECTION */;
/*!40111 SET SQL_NOTES=@OLD_SQL_NOTES */;

-- Dump completed on 2010-02-15  9:02:12
